reference_pitch_m,boundary_rule,interpolator,layout_source,additional_stations_b,pile,stages,median_paired_delta,median_candidate_nrmse,median_uniform_nrmse,median_distance_weighted_delta,median_outside_sse_fraction,median_delta_squared_error_inside,median_delta_squared_error_outside
0.2,boundary_constrained,linear,SKS02,2,F1,12,0.012839348762924186,0.0552891770865169,0.043181377752204216,0.011549030559262603,0.0,0.0012575041753146777,0.0
0.2,boundary_constrained,linear,SKS02,2,F2,12,0.005396294456193093,0.052713316261542416,0.05015942512958891,0.0018599594518527336,0.0,0.0005572970260603845,0.0
0.2,boundary_constrained,linear,SKS02,2,T1,15,0.08415620876359799,0.18716745597191678,0.10110269137397947,0.07629877139895308,0.0,0.02420678855221829,0.0
0.2,boundary_constrained,linear,SKS02,2,T2,8,0.06603036249375688,0.11674214450603913,0.04900383665623914,0.061324064116851686,0.0,0.011039258107952376,0.0
0.2,boundary_constrained,linear,SKS02,2,T3,6,0.02750728068301998,0.06374275363404963,0.043397731153020536,0.027455824589994886,0.0,0.0027508988991630417,0.0
0.2,boundary_constrained,linear,SKS02,3,F1,12,0.001874283762245986,0.047189452764811235,0.04655748933178984,0.0011069565091863208,0.0,0.00017316423404305388,0.0
0.2,boundary_constrained,linear,SKS02,3,F2,12,-0.0023318677570519156,0.046215308060018716,0.049856725667671534,-0.003486408288077017,0.0,-0.00022443259726680307,0.0
0.2,boundary_constrained,linear,SKS02,3,T1,15,0.05183287327453932,0.11738042352293715,0.06874978110237052,0.0471756571531067,0.0,0.009524570450428059,0.0
0.2,boundary_constrained,linear,SKS02,3,T2,8,0.023982796400829627,0.05185930177892112,0.029535898394819973,0.02174970728623538,0.0,0.00198359553664843,0.0
0.2,boundary_constrained,linear,SKS02,3,T3,6,0.005629964905797164,0.044046168977735056,0.03567421576257008,0.005591413162718328,0.0,0.0005128983546987815,0.0
0.2,boundary_constrained,linear,SKS02,4,F1,12,0.0018164358209369902,0.04553552847422204,0.04521688300855199,0.0003393935413809959,0.0,0.00016256734461847874,0.0
0.2,boundary_constrained,linear,SKS02,4,F2,12,-0.013542450362827713,0.04110500152792356,0.05418144625682509,-0.01802099735858549,0.0,-0.0012617537491437136,0.0
0.2,boundary_constrained,linear,SKS02,4,T1,15,-0.005288442112376238,0.04522774050381988,0.051709368105864455,-0.004877921400441701,0.0,-0.0005063361950320059,0.0
0.2,boundary_constrained,linear,SKS02,4,T2,8,0.004746585855178818,0.03019022920026515,0.025534200490468784,0.003626543500593318,0.0,0.00025336961609424786,0.0
0.2,boundary_constrained,linear,SKS02,4,T3,6,0.015301856266681266,0.0494461851440908,0.03385703777149804,0.015201611267872579,0.0,0.0012861365318039613,0.0
0.2,boundary_constrained,linear,SKS03,2,F1,12,0.012839348762924186,0.0552891770865169,0.043181377752204216,0.011549030559262603,0.0,0.0012575041753146777,0.0
0.2,boundary_constrained,linear,SKS03,2,F2,12,0.005396294456193093,0.052713316261542416,0.05015942512958891,0.0018599594518527336,0.0,0.0005572970260603845,0.0
0.2,boundary_constrained,linear,SKS03,2,T1,15,0.08415620876359799,0.18716745597191678,0.10110269137397947,0.07629877139895308,0.0,0.02420678855221829,0.0
0.2,boundary_constrained,linear,SKS03,2,T2,8,0.06603036249375688,0.11674214450603913,0.04900383665623914,0.061324064116851686,0.0,0.011039258107952376,0.0
0.2,boundary_constrained,linear,SKS03,2,T3,6,0.02750728068301998,0.06374275363404963,0.043397731153020536,0.027455824589994886,0.0,0.0027508988991630417,0.0
0.2,boundary_constrained,linear,SKS03,3,F1,12,0.001874283762245986,0.047189452764811235,0.04655748933178984,0.0011069565091863208,0.0,0.00017316423404305388,0.0
0.2,boundary_constrained,linear,SKS03,3,F2,12,-0.0023318677570519156,0.046215308060018716,0.049856725667671534,-0.003486408288077017,0.0,-0.00022443259726680307,0.0
0.2,boundary_constrained,linear,SKS03,3,T1,15,0.05183287327453932,0.11738042352293715,0.06874978110237052,0.0471756571531067,0.0,0.009524570450428059,0.0
0.2,boundary_constrained,linear,SKS03,3,T2,8,0.023982796400829627,0.05185930177892112,0.029535898394819973,0.02174970728623538,0.0,0.00198359553664843,0.0
0.2,boundary_constrained,linear,SKS03,3,T3,6,0.005629964905797164,0.044046168977735056,0.03567421576257008,0.005591413162718328,0.0,0.0005128983546987815,0.0
0.2,boundary_constrained,linear,SKS03,4,F1,12,-0.012832704644700738,0.032690225812909576,0.04521688300855199,-0.013089695404515544,0.0,-0.000981521545826795,0.0
0.2,boundary_constrained,linear,SKS03,4,F2,12,-0.014986154290441717,0.04330574675887501,0.05418144625682509,-0.016769494812491906,0.0,-0.001430334399520693,0.0
0.2,boundary_constrained,linear,SKS03,4,T1,15,-0.027791816437909102,0.024138402541991944,0.051709368105864455,-0.02568385630767191,0.0,-0.001934887220898356,0.0
0.2,boundary_constrained,linear,SKS03,4,T2,8,0.003306036653264413,0.025774971457342574,0.025534200490468784,0.002415640524408,0.0,0.0001604667586233803,0.0
0.2,boundary_constrained,linear,SKS03,4,T3,6,0.006556336921968654,0.03949258784371405,0.03385703777149804,0.006490931820684796,0.0,0.0005110522884726801,0.0
0.2,boundary_constrained,pchip,SKS02,2,F1,12,0.019625368716213894,0.05981645112263719,0.04090713863881105,0.01862346686005983,0.0,0.001962438622044771,0.0
0.2,boundary_constrained,pchip,SKS02,2,F2,12,0.031104673872854233,0.07879659944107348,0.04947872435071427,0.027610541686404613,0.0,0.00394592134683202,0.0
0.2,boundary_constrained,pchip,SKS02,2,T1,15,0.05639652407476303,0.12046554980158065,0.06479445993207568,0.05107767192606454,0.0,0.010205284522239027,0.0
0.2,boundary_constrained,pchip,SKS02,2,T2,8,0.05905025044838211,0.09314617468763473,0.028886604849451242,0.05256039797271561,0.0,0.007410443707505039,0.0
0.2,boundary_constrained,pchip,SKS02,2,T3,6,-0.0011005915349735149,0.04732736337911528,0.040993213243340196,-0.0011014236655089923,0.0,-0.00011821682961691299,0.0
0.2,boundary_constrained,pchip,SKS02,3,F1,12,0.0021134912202575296,0.044856256803448694,0.043540948217715494,0.0015406945304416338,0.0,0.00018239756691608834,0.0
0.2,boundary_constrained,pchip,SKS02,3,F2,12,-0.00031146126777393743,0.05009031431876643,0.04883946242006388,-0.0007141837111024583,0.0,-3.055397457934587e-05,0.0
0.2,boundary_constrained,pchip,SKS02,3,T1,15,0.019574884325751364,0.0642710356279748,0.04350943349392678,0.017138589236470554,0.0,0.0019013132235203168,0.0
0.2,boundary_constrained,pchip,SKS02,3,T2,8,0.005720411280193426,0.027805923147645253,0.018975531155331946,0.0036802178940925235,0.0,0.0002755558446711806,0.0
0.2,boundary_constrained,pchip,SKS02,3,T3,6,0.012612743901271865,0.04633572185983306,0.03622273462011272,0.012539047579333759,0.0,0.0010290289902408255,0.0
0.2,boundary_constrained,pchip,SKS02,4,F1,12,0.018314201412625037,0.06298210018252326,0.046476064892374755,0.015481574688971968,0.0,0.001987408921159126,0.0
0.2,boundary_constrained,pchip,SKS02,4,F2,12,0.005517811190581187,0.06526164748524921,0.058344481325645584,0.0014976916943694463,0.0,0.0006939556603814301,0.0
0.2,boundary_constrained,pchip,SKS02,4,T1,15,0.004216657197979132,0.03800649446786836,0.03290850647867807,0.0037779180101411187,0.0,0.0002919280572015084,0.0
0.2,boundary_constrained,pchip,SKS02,4,T2,8,0.004872112323124591,0.028142424369375772,0.02077565953188197,0.0035981985845875385,0.0,0.00020482406721840244,0.0
0.2,boundary_constrained,pchip,SKS02,4,T3,6,0.013001442127488171,0.04770507780093043,0.034249760626638856,0.012907984491355086,0.0,0.0010902235125254784,0.0
0.2,boundary_constrained,pchip,SKS03,2,F1,12,0.019625368716213894,0.05981645112263719,0.04090713863881105,0.01862346686005983,0.0,0.001962438622044771,0.0
0.2,boundary_constrained,pchip,SKS03,2,F2,12,0.031104673872854233,0.07879659944107348,0.04947872435071427,0.027610541686404613,0.0,0.00394592134683202,0.0
0.2,boundary_constrained,pchip,SKS03,2,T1,15,0.05639652407476303,0.12046554980158065,0.06479445993207568,0.05107767192606454,0.0,0.010205284522239027,0.0
0.2,boundary_constrained,pchip,SKS03,2,T2,8,0.05905025044838211,0.09314617468763473,0.028886604849451242,0.05256039797271561,0.0,0.007410443707505039,0.0
0.2,boundary_constrained,pchip,SKS03,2,T3,6,-0.0011005915349735149,0.04732736337911528,0.040993213243340196,-0.0011014236655089923,0.0,-0.00011821682961691299,0.0
0.2,boundary_constrained,pchip,SKS03,3,F1,12,0.0021134912202575296,0.044856256803448694,0.043540948217715494,0.0015406945304416338,0.0,0.00018239756691608834,0.0
0.2,boundary_constrained,pchip,SKS03,3,F2,12,-0.00031146126777393743,0.05009031431876643,0.04883946242006388,-0.0007141837111024583,0.0,-3.055397457934587e-05,0.0
0.2,boundary_constrained,pchip,SKS03,3,T1,15,0.019574884325751364,0.0642710356279748,0.04350943349392678,0.017138589236470554,0.0,0.0019013132235203168,0.0
0.2,boundary_constrained,pchip,SKS03,3,T2,8,0.005720411280193426,0.027805923147645253,0.018975531155331946,0.0036802178940925235,0.0,0.0002755558446711806,0.0
0.2,boundary_constrained,pchip,SKS03,3,T3,6,0.012612743901271865,0.04633572185983306,0.03622273462011272,0.012539047579333759,0.0,0.0010290289902408255,0.0
0.2,boundary_constrained,pchip,SKS03,4,F1,12,-0.009735975273579691,0.037297518851526365,0.046476064892374755,-0.010973211085037213,0.0,-0.0008209776900800706,0.0
0.2,boundary_constrained,pchip,SKS03,4,F2,12,-0.006456085084484826,0.05144894683597911,0.058344481325645584,-0.010714571215705182,0.0,-0.0007076974348224543,0.0
0.2,boundary_constrained,pchip,SKS03,4,T1,15,-0.011080120585483789,0.022988725458566974,0.03290850647867807,-0.010801365216643665,0.0,-0.0005622059251489625,0.0
0.2,boundary_constrained,pchip,SKS03,4,T2,8,0.00597746394333099,0.0255301092288574,0.02077565953188197,0.004347224265584836,0.0,0.00023681339512135891,0.0
0.2,boundary_constrained,pchip,SKS03,4,T3,6,0.005687910960022153,0.03940022918006186,0.034249760626638856,0.005629264469943714,0.0,0.00043479705206735564,0.0
0.2,original,linear,SKS02,2,F1,12,0.1428476484509943,0.18604144570231979,0.043181377752204216,0.13100167688913045,0.9941305741040644,-0.00010119538861664553,0.032703701229732304
0.2,original,linear,SKS02,2,F2,12,0.15442754582916635,0.20405894800241287,0.05015942512958891,0.1404381244945049,0.9960058333178216,-0.0004003773267859138,0.03956560155084253
0.2,original,linear,SKS02,2,T1,15,0.11107746179661765,0.21331876682025894,0.10110269137397947,0.08560868438719037,0.9987456222707479,-6.722440694979632e-05,0.03492769733014115
0.2,original,linear,SKS02,2,T2,8,0.19705560122363344,0.24466265331032544,0.04900383665623914,0.17855222938861076,0.9984700152689359,-6.999711392614025e-05,0.058052968346061565
0.2,original,linear,SKS02,2,T3,6,0.16394590044872215,0.20579064157282823,0.043397731153020536,0.15867214260877233,0.990357621743779,-0.00018013360185675808,0.04075894321559695
0.2,original,linear,SKS02,3,F1,12,0.018066347574108365,0.06258390882629436,0.04655748933178984,0.012512154033942922,0.5290181921268262,0.0006750586722023683,0.0013717363896059613
0.2,original,linear,SKS02,3,F2,12,0.00341767054357121,0.053543978254242286,0.049856725667671534,-0.001205840846924336,0.4474976315632415,-0.0004213228365926951,0.0007242436088374449
0.2,original,linear,SKS02,3,T1,15,0.034532899243912535,0.10121637040626126,0.06874978110237052,0.020230740086695412,0.8205885820374276,-0.0006502086853482563,0.00607437803147244
0.2,original,linear,SKS02,3,T2,8,0.03143610830086836,0.05914834299017964,0.029535898394819973,0.02577785720110927,0.7370930162473006,0.0002106045286473417,0.0021649090053783527
0.2,original,linear,SKS02,3,T3,6,0.017639648116519302,0.05395936337562329,0.03567421576257008,0.015204277771410112,0.20760684225335999,0.0013315737618345602,-3.982559687882849e-06
0.2,original,linear,SKS02,4,F1,12,0.0018164358209369902,0.04553552847422204,0.04521688300855199,0.0003393935413809959,0.0,0.00016256734461847874,0.0
0.2,original,linear,SKS02,4,F2,12,-0.013542450362827713,0.04110500152792356,0.05418144625682509,-0.01802099735858549,0.0,-0.0012617537491437136,0.0
0.2,original,linear,SKS02,4,T1,15,-0.005288442112376238,0.04522774050381988,0.051709368105864455,-0.004877921400441701,0.0,-0.0005063361950320059,0.0
0.2,original,linear,SKS02,4,T2,8,0.004746585855178818,0.03019022920026515,0.025534200490468784,0.003626543500593318,0.0,0.00025336961609424786,0.0
0.2,original,linear,SKS02,4,T3,6,0.015301856266681266,0.0494461851440908,0.03385703777149804,0.015201611267872579,0.0,0.0012861365318039613,0.0
0.2,original,linear,SKS03,2,F1,12,0.017533112291581363,0.06170567300680785,0.043181377752204216,0.011526755966999949,0.58239124066417,0.0009724841554835276,0.0009539439028344472
0.2,original,linear,SKS03,2,F2,12,0.00484667684217609,0.0545090589556457,0.05015942512958891,-0.001493879041502607,0.5833818142316112,-2.825561581882907e-05,0.0005112469976380891
0.2,original,linear,SKS03,2,T1,15,0.02113357545079632,0.13051290396082352,0.10110269137397947,0.007451401695147936,0.8961867009616731,8.589018930078389e-05,0.005057629994045661
0.2,original,linear,SKS03,2,T2,8,0.08345820310965674,0.13178121568370826,0.04900383665623914,0.07368638429244297,0.9511974587037433,-1.800789510859064e-05,0.014817084744500553
0.2,original,linear,SKS03,2,T3,6,0.03115547654793932,0.07022471273110058,0.043397731153020536,0.028135729390913154,0.5374168559172492,0.001093799410280421,0.0020849507721237177
0.2,original,linear,SKS03,3,F1,12,0.001874283762245986,0.047189452764811235,0.04655748933178984,0.0011069565091863208,0.0,0.00017316423404305388,0.0
0.2,original,linear,SKS03,3,F2,12,-0.0023318677570519156,0.046215308060018716,0.049856725667671534,-0.003486408288077017,0.0,-0.00022443259726680307,0.0
0.2,original,linear,SKS03,3,T1,15,0.05183287327453932,0.11738042352293715,0.06874978110237052,0.0471756571531067,0.0,0.009524570450428059,0.0
0.2,original,linear,SKS03,3,T2,8,0.023982796400829627,0.05185930177892112,0.029535898394819973,0.02174970728623538,0.0,0.00198359553664843,0.0
0.2,original,linear,SKS03,3,T3,6,0.005629964905797164,0.044046168977735056,0.03567421576257008,0.005591413162718328,0.0,0.0005128983546987815,0.0
0.2,original,linear,SKS03,4,F1,12,-0.012832704644700738,0.032690225812909576,0.04521688300855199,-0.013089695404515544,0.0,-0.000981521545826795,0.0
0.2,original,linear,SKS03,4,F2,12,-0.014986154290441717,0.04330574675887501,0.05418144625682509,-0.016769494812491906,0.0,-0.001430334399520693,0.0
0.2,original,linear,SKS03,4,T1,15,-0.027791816437909102,0.024138402541991944,0.051709368105864455,-0.02568385630767191,0.0,-0.001934887220898356,0.0
0.2,original,linear,SKS03,4,T2,8,0.003306036653264413,0.025774971457342574,0.025534200490468784,0.002415640524408,0.0,0.0001604667586233803,0.0
0.2,original,linear,SKS03,4,T3,6,0.006556336921968654,0.03949258784371405,0.03385703777149804,0.006490931820684796,0.0,0.0005110522884726801,0.0
0.2,original,pchip,SKS02,2,F1,12,0.14725128831621426,0.18680086677811747,0.04090713863881105,0.13576113569210846,0.9863430568344562,0.00017470627309305338,0.03307215363445591
0.2,original,pchip,SKS02,2,F2,12,0.15503542439041487,0.20467104303447126,0.04947872435071427,0.1406901404295269,0.9921328566324219,7.218932965201639e-05,0.03949425993413198
0.2,original,pchip,SKS02,2,T1,15,0.14803417729268498,0.2133275403739715,0.06479445993207568,0.1207323122370767,0.9983171531973345,7.082510375364981e-06,0.04109954464889855
0.2,original,pchip,SKS02,2,T2,8,0.21192555194876614,0.24466831004390968,0.028886604849451242,0.18922577509798813,0.9976614587281222,-2.385641062591937e-06,0.05922713418823358
0.2,original,pchip,SKS02,2,T3,6,0.1680072025717055,0.20584155516909147,0.040993213243340196,0.16323128764849104,0.9900604430122311,-4.7973649251782866e-05,0.04117937842981037
0.2,original,pchip,SKS02,3,F1,12,0.03580261656088978,0.07799297088157939,0.043540948217715494,0.030848498280571648,0.34541070068482854,0.0028558953877861754,0.001422023581691041
0.2,original,pchip,SKS02,3,F2,12,0.023885090448684587,0.07455969896383059,0.04883946242006388,0.012889624918140316,0.22882352971849662,0.001955656283296552,0.0007374878219354292
0.2,original,pchip,SKS02,3,T1,15,0.05762597629805787,0.09939843440825047,0.04350943349392678,0.041070579637524085,0.8619012658206927,0.00047179648355863494,0.0071548860678499315
0.2,original,pchip,SKS02,3,T2,8,0.038291783764018164,0.05549280678617097,0.018975531155331946,0.031116989035679242,0.8292749599576554,0.0002914814255584895,0.002267596823057834
0.2,original,pchip,SKS02,3,T3,6,0.017524854770296205,0.051798529057337825,0.03622273462011272,0.015928521861261594,0.22941571679503642,0.0012341224328476725,-2.3973553951647542e-05
0.2,original,pchip,SKS02,4,F1,12,0.018314201412625037,0.06298210018252326,0.046476064892374755,0.015481574688971968,0.0,0.001987408921159126,0.0
0.2,original,pchip,SKS02,4,F2,12,0.005517811190581187,0.06526164748524921,0.058344481325645584,0.0014976916943694463,0.0,0.0006939556603814301,0.0
0.2,original,pchip,SKS02,4,T1,15,0.004216657197979132,0.03800649446786836,0.03290850647867807,0.0037779180101411187,0.0,0.0002919280572015084,0.0
0.2,original,pchip,SKS02,4,T2,8,0.004872112323124591,0.028142424369375772,0.02077565953188197,0.0035981985845875385,0.0,0.00020482406721840244,0.0
0.2,original,pchip,SKS02,4,T3,6,0.013001442127488171,0.04770507780093043,0.034249760626638856,0.012907984491355086,0.0,0.0010902235125254784,0.0
0.2,original,pchip,SKS03,2,F1,12,0.017537004963769857,0.059153385437398585,0.04090713863881105,0.012039487345330006,0.6725437553171896,0.0001431008426738685,0.0016000224334918056
0.2,original,pchip,SKS03,2,F2,12,0.023393555995581985,0.07200115430586636,0.04947872435071427,0.017734375955984438,0.25117538883166873,0.00302087449279175,0.0006614068231810338
0.2,original,pchip,SKS03,2,T1,15,0.06002709805408936,0.1288762001902851,0.06479445993207568,0.041708283248004574,0.9259326586173927,0.0010660848343585013,0.01068346918371584
0.2,original,pchip,SKS03,2,T2,8,0.1018534452075806,0.1323719141939404,0.028886604849451242,0.08684578249504976,0.9283411079493104,0.0007132173808198255,0.015955226446665614
0.2,original,pchip,SKS03,2,T3,6,0.022981778495448944,0.06179484816867932,0.040993213243340196,0.02030301626426457,0.6895794372414551,-2.1125169015064705e-06,0.001964028450787528
0.2,original,pchip,SKS03,3,F1,12,0.0021134912202575296,0.044856256803448694,0.043540948217715494,0.0015406945304416338,0.0,0.00018239756691608834,0.0
0.2,original,pchip,SKS03,3,F2,12,-0.00031146126777393743,0.05009031431876643,0.04883946242006388,-0.0007141837111024583,0.0,-3.055397457934587e-05,0.0
0.2,original,pchip,SKS03,3,T1,15,0.019574884325751364,0.0642710356279748,0.04350943349392678,0.017138589236470554,0.0,0.0019013132235203168,0.0
0.2,original,pchip,SKS03,3,T2,8,0.005720411280193426,0.027805923147645253,0.018975531155331946,0.0036802178940925235,0.0,0.0002755558446711806,0.0
0.2,original,pchip,SKS03,3,T3,6,0.012612743901271865,0.04633572185983306,0.03622273462011272,0.012539047579333759,0.0,0.0010290289902408255,0.0
0.2,original,pchip,SKS03,4,F1,12,-0.009735975273579691,0.037297518851526365,0.046476064892374755,-0.010973211085037213,0.0,-0.0008209776900800706,0.0
0.2,original,pchip,SKS03,4,F2,12,-0.006456085084484826,0.05144894683597911,0.058344481325645584,-0.010714571215705182,0.0,-0.0007076974348224543,0.0
0.2,original,pchip,SKS03,4,T1,15,-0.011080120585483789,0.022988725458566974,0.03290850647867807,-0.010801365216643665,0.0,-0.0005622059251489625,0.0
0.2,original,pchip,SKS03,4,T2,8,0.00597746394333099,0.0255301092288574,0.02077565953188197,0.004347224265584836,0.0,0.00023681339512135891,0.0
0.2,original,pchip,SKS03,4,T3,6,0.005687910960022153,0.03940022918006186,0.034249760626638856,0.005629264469943714,0.0,0.00043479705206735564,0.0
0.4,boundary_constrained,linear,SKS02,2,F1,12,0.013340706533008485,0.05525236924076716,0.042816373734656146,0.012388848309925746,0.0,0.0012987840772798113,0.0
0.4,boundary_constrained,linear,SKS02,2,F2,12,0.004881034317371802,0.05213629554913003,0.049868903764950095,0.001851865663679536,0.0,0.0004980590554399423,0.0
0.4,boundary_constrained,linear,SKS02,2,T1,15,0.08219295870549706,0.1849861324737669,0.10146716635477782,0.07580527410860224,0.0,0.023337363871052598,0.0
0.4,boundary_constrained,linear,SKS02,2,T2,8,0.06525293744920044,0.11540459042883397,0.04847482819629678,0.061309509832684975,0.0,0.01078849703807003,0.0
0.4,boundary_constrained,linear,SKS02,2,T3,6,0.024264248829683432,0.06388777030153442,0.04376984486436447,0.02445355937156955,0.0,0.002762678198126008,0.0
0.4,boundary_constrained,linear,SKS02,3,F1,12,-9.155087160010733e-05,0.04422407781322503,0.04608902502387367,-0.0009915441980239727,0.0,-9.31578639552087e-06,0.0
0.4,boundary_constrained,linear,SKS02,3,F2,12,-0.0030955995618191547,0.043176266653499745,0.04931471647541764,-0.004496076662251394,0.0,-0.0002883793521158943,0.0
0.4,boundary_constrained,linear,SKS02,3,T1,15,0.051230583792138976,0.11602303333138632,0.06796756291020223,0.04720137554279183,0.0,0.009302057531651317,0.0
0.4,boundary_constrained,linear,SKS02,3,T2,8,0.023993853329056587,0.055270387895374376,0.034463410553441126,0.02211843366671723,0.0,0.0021221968462358286,0.0
0.4,boundary_constrained,linear,SKS02,3,T3,6,0.007543216914388442,0.04481823795046448,0.03561945129993746,0.007596142336646728,0.0,0.0006639525531958521,0.0
0.4,boundary_constrained,linear,SKS02,4,F1,12,0.007455579094344578,0.05097023593975736,0.044319902763704566,0.005864641678095632,0.0,0.0006809787930584473,0.0
0.4,boundary_constrained,linear,SKS02,4,F2,12,-0.013849830155273909,0.04067396097090992,0.05444779227792792,-0.01806460758041067,0.0,-0.0013011207793921465,0.0
0.4,boundary_constrained,linear,SKS02,4,T1,15,-0.0036253102709339208,0.04614733772240203,0.051248104983403764,-0.005744783153367343,0.0,-0.00034773970940310024,0.0
0.4,boundary_constrained,linear,SKS02,4,T2,8,0.006405218139529829,0.029910659679802415,0.024311242879697034,0.004757008136055067,0.0,0.0003300524796646022,0.0
0.4,boundary_constrained,linear,SKS02,4,T3,6,0.014643607826217129,0.048551717447213844,0.033736683106465604,0.014758463112405858,0.0,0.0012038346638001977,0.0
0.4,boundary_constrained,linear,SKS03,2,F1,12,0.013340706533008485,0.05525236924076716,0.042816373734656146,0.012388848309925746,0.0,0.0012987840772798113,0.0
0.4,boundary_constrained,linear,SKS03,2,F2,12,0.004881034317371802,0.05213629554913003,0.049868903764950095,0.001851865663679536,0.0,0.0004980590554399423,0.0
0.4,boundary_constrained,linear,SKS03,2,T1,15,0.08219295870549706,0.1849861324737669,0.10146716635477782,0.07580527410860224,0.0,0.023337363871052598,0.0
0.4,boundary_constrained,linear,SKS03,2,T2,8,0.06525293744920044,0.11540459042883397,0.04847482819629678,0.061309509832684975,0.0,0.01078849703807003,0.0
0.4,boundary_constrained,linear,SKS03,2,T3,6,0.024264248829683432,0.06388777030153442,0.04376984486436447,0.02445355937156955,0.0,0.002762678198126008,0.0
0.4,boundary_constrained,linear,SKS03,3,F1,12,-9.155087160010733e-05,0.04422407781322503,0.04608902502387367,-0.0009915441980239727,0.0,-9.31578639552087e-06,0.0
0.4,boundary_constrained,linear,SKS03,3,F2,12,-0.0030955995618191547,0.043176266653499745,0.04931471647541764,-0.004496076662251394,0.0,-0.0002883793521158943,0.0
0.4,boundary_constrained,linear,SKS03,3,T1,15,0.051230583792138976,0.11602303333138632,0.06796756291020223,0.04720137554279183,0.0,0.009302057531651317,0.0
0.4,boundary_constrained,linear,SKS03,3,T2,8,0.023993853329056587,0.055270387895374376,0.034463410553441126,0.02211843366671723,0.0,0.0021221968462358286,0.0
0.4,boundary_constrained,linear,SKS03,3,T3,6,0.007543216914388442,0.04481823795046448,0.03561945129993746,0.007596142336646728,0.0,0.0006639525531958521,0.0
0.4,boundary_constrained,linear,SKS03,4,F1,12,-0.012787193312970678,0.03191840191192653,0.044319902763704566,-0.013163049147143578,0.0,-0.0009574853965048946,0.0
0.4,boundary_constrained,linear,SKS03,4,F2,12,-0.014778553500272618,0.04242981205715915,0.05444779227792792,-0.01666874565522174,0.0,-0.0014147827516886834,0.0
0.4,boundary_constrained,linear,SKS03,4,T1,15,-0.02495048461302363,0.02568694115893174,0.051248104983403764,-0.02384007688123167,0.0,-0.0018034266299767157,0.0
0.4,boundary_constrained,linear,SKS03,4,T2,8,0.006994323355628723,0.027473386188927657,0.024311242879697034,0.004856192774489128,0.0,0.0003605665839776453,0.0
0.4,boundary_constrained,linear,SKS03,4,T3,6,0.006816813300389565,0.0387696373909535,0.033736683106465604,0.006866740575558063,0.0,0.0005223974523373803,0.0
0.4,boundary_constrained,pchip,SKS02,2,F1,12,0.02121600761957641,0.06029830153810589,0.040348623437888496,0.020527852904937225,0.0,0.00207536663580066,0.0
0.4,boundary_constrained,pchip,SKS02,2,F2,12,0.03051730797734541,0.07790039850749289,0.049197482768005785,0.0275898722106786,0.0,0.003834678606267484,0.0
0.4,boundary_constrained,pchip,SKS02,2,T1,15,0.05618329067863887,0.1190590227771583,0.06656064406819917,0.05139408778270271,0.0,0.010086581431566577,0.0
0.4,boundary_constrained,pchip,SKS02,2,T2,8,0.05818954810598108,0.09207470223654712,0.02888004340433093,0.05255545390213823,0.0,0.007228847472740918,0.0
0.4,boundary_constrained,pchip,SKS02,2,T3,6,-0.0010423856916805044,0.04725907680284342,0.0421008404340055,-0.0010540762330521064,0.0,-9.956484617563254e-05,0.0
0.4,boundary_constrained,pchip,SKS02,3,F1,12,-0.0009752305858981535,0.04144972472947918,0.04298003736711598,-0.001386450356940721,0.0,-8.463043382108123e-05,0.0
0.4,boundary_constrained,pchip,SKS02,3,F2,12,-0.001404109432160995,0.047034196994586955,0.04830425268588025,-0.001990643778209518,0.0,-0.00013416294131643185,0.0
0.4,boundary_constrained,pchip,SKS02,3,T1,15,0.01931541387688311,0.06356688161427843,0.04303679634892446,0.01715703606713327,0.0,0.0018554326345800167,0.0
0.4,boundary_constrained,pchip,SKS02,3,T2,8,0.0037611939789736013,0.026822960694796324,0.023828658782432104,0.002587548494685135,0.0,0.00015555147640705034,0.0
0.4,boundary_constrained,pchip,SKS02,3,T3,6,0.007493874118381063,0.04339119156321311,0.03622963338918088,0.007553912497561637,0.0,0.0005915780726975003,0.0
0.4,boundary_constrained,pchip,SKS02,4,F1,12,0.02156776414832168,0.06774487680793989,0.0462192616374404,0.01953493641809333,0.0,0.0024215060059708257,0.0
0.4,boundary_constrained,pchip,SKS02,4,F2,12,0.005049661765747802,0.0645383862047314,0.05830198010787299,0.0014681513105585207,0.0,0.000632829269606962,0.0
0.4,boundary_constrained,pchip,SKS02,4,T1,15,0.003992105208474386,0.03757191579346985,0.033165642135399895,0.003656921354523914,0.0,0.0002738900864388173,0.0
0.4,boundary_constrained,pchip,SKS02,4,T2,8,0.0054249553382951475,0.02788185819919233,0.019791307908138343,0.002610188192141481,0.0,0.000219905126601348,0.0
0.4,boundary_constrained,pchip,SKS02,4,T3,6,0.010353548410946843,0.04460974682424296,0.03539377479052777,0.010430671070673941,0.0,0.0008486909214691404,0.0
0.4,boundary_constrained,pchip,SKS03,2,F1,12,0.02121600761957641,0.06029830153810589,0.040348623437888496,0.020527852904937225,0.0,0.00207536663580066,0.0
0.4,boundary_constrained,pchip,SKS03,2,F2,12,0.03051730797734541,0.07790039850749289,0.049197482768005785,0.0275898722106786,0.0,0.003834678606267484,0.0
0.4,boundary_constrained,pchip,SKS03,2,T1,15,0.05618329067863887,0.1190590227771583,0.06656064406819917,0.05139408778270271,0.0,0.010086581431566577,0.0
0.4,boundary_constrained,pchip,SKS03,2,T2,8,0.05818954810598108,0.09207470223654712,0.02888004340433093,0.05255545390213823,0.0,0.007228847472740918,0.0
0.4,boundary_constrained,pchip,SKS03,2,T3,6,-0.0010423856916805044,0.04725907680284342,0.0421008404340055,-0.0010540762330521064,0.0,-9.956484617563254e-05,0.0
0.4,boundary_constrained,pchip,SKS03,3,F1,12,-0.0009752305858981535,0.04144972472947918,0.04298003736711598,-0.001386450356940721,0.0,-8.463043382108123e-05,0.0
0.4,boundary_constrained,pchip,SKS03,3,F2,12,-0.001404109432160995,0.047034196994586955,0.04830425268588025,-0.001990643778209518,0.0,-0.00013416294131643185,0.0
0.4,boundary_constrained,pchip,SKS03,3,T1,15,0.01931541387688311,0.06356688161427843,0.04303679634892446,0.01715703606713327,0.0,0.0018554326345800167,0.0
0.4,boundary_constrained,pchip,SKS03,3,T2,8,0.0037611939789736013,0.026822960694796324,0.023828658782432104,0.002587548494685135,0.0,0.00015555147640705034,0.0
0.4,boundary_constrained,pchip,SKS03,3,T3,6,0.007493874118381063,0.04339119156321311,0.03622963338918088,0.007553912497561637,0.0,0.0005915780726975003,0.0
0.4,boundary_constrained,pchip,SKS03,4,F1,12,-0.01067056552721168,0.0360188218195551,0.0462192616374404,-0.011166258387747954,0.0,-0.0008398769537412267,0.0
0.4,boundary_constrained,pchip,SKS03,4,F2,12,-0.006993379649240284,0.04975691993142463,0.05830198010787299,-0.011415641968213718,0.0,-0.0007390621297910657,0.0
0.4,boundary_constrained,pchip,SKS03,4,T1,15,-0.010950433355363356,0.022535173126511352,0.033165642135399895,-0.011656259722806487,0.0,-0.0005921257904115735,0.0
0.4,boundary_constrained,pchip,SKS03,4,T2,8,0.006643162521698319,0.0250165927762412,0.019791307908138343,0.003961939258216611,0.0,0.00025550101638371735,0.0
0.4,boundary_constrained,pchip,SKS03,4,T3,6,0.0050756421193183555,0.038625121851548844,0.03539377479052777,0.0051075133919809106,0.0,0.0003843106531160878,0.0
0.4,original,linear,SKS02,2,F1,12,0.1642871686408914,0.20776196088407628,0.042816373734656146,0.1454211586391459,0.9948988337436342,-8.187697354607195e-05,0.0412993514297087
0.4,original,linear,SKS02,2,F2,12,0.13903999850948162,0.18795804362533847,0.049868903764950095,0.12459872793894344,0.9948526621897515,-0.0004114285327122156,0.033297962339031706
0.4,original,linear,SKS02,2,T1,15,0.11164293207632721,0.2164420816812385,0.10146716635477782,0.08477906583320922,0.9988125665940276,-4.1507934160600024e-05,0.03621012259598867
0.4,original,linear,SKS02,2,T2,8,0.18490493563494975,0.23337976383124653,0.04847482819629678,0.1655066651158683,0.9969748752899912,-9.251945528340106e-06,0.05217488698255175
0.4,original,linear,SKS02,2,T3,6,0.15059836032191626,0.19791514132175062,0.04376984486436447,0.143534827041169,0.9887355434300618,-0.00026956477128495997,0.037228492799167526
0.4,original,linear,SKS02,3,F1,12,0.02721118089366326,0.0721946888942766,0.04608902502387367,0.017846665345171136,0.5430557363264444,0.0011511320557122209,0.0020345722467838877
0.4,original,linear,SKS02,3,F2,12,0.005501328168611135,0.05376836586026118,0.04931471647541764,-0.0009632371286084768,0.47672662039555647,-0.0005565288447346412,0.00081346477541368
0.4,original,linear,SKS02,3,T1,15,0.04152287201941072,0.10629465865943084,0.06796756291020223,0.02435833043097875,0.8390572684813781,-0.00047346061182819616,0.007091936826863776
0.4,original,linear,SKS02,3,T2,8,0.027727970711549275,0.06058233941102756,0.034463410553441126,0.021377256392124597,0.7562401951118682,-3.146660659586685e-05,0.002334877500861884
0.4,original,linear,SKS02,3,T3,6,0.01406498637261197,0.05130018096113939,0.03561945129993746,0.012866356967369801,0.20733876257433115,0.0011800561393336194,-4.608044173687977e-05
0.4,original,linear,SKS02,4,F1,12,0.007455579094344578,0.05097023593975736,0.044319902763704566,0.005864641678095632,0.0,0.0006809787930584473,0.0
0.4,original,linear,SKS02,4,F2,12,-0.013849830155273909,0.04067396097090992,0.05444779227792792,-0.01806460758041067,0.0,-0.0013011207793921465,0.0
0.4,original,linear,SKS02,4,T1,15,-0.0036253102709339208,0.04614733772240203,0.051248104983403764,-0.005744783153367343,0.0,-0.00034773970940310024,0.0
0.4,original,linear,SKS02,4,T2,8,0.006405218139529829,0.029910659679802415,0.024311242879697034,0.004757008136055067,0.0,0.0003300524796646022,0.0
0.4,original,linear,SKS02,4,T3,6,0.014643607826217129,0.048551717447213844,0.033736683106465604,0.014758463112405858,0.0,0.0012038346638001977,0.0
0.4,original,linear,SKS03,2,F1,12,0.02633944572507569,0.06912727381433062,0.042816373734656146,0.017560263611003546,0.5606736556139531,0.0014947344252285058,0.0014495278597936299
0.4,original,linear,SKS03,2,F2,12,0.006763063235201691,0.05564389387534317,0.049868903764950095,-0.0013709347612212847,0.6055050153844446,-4.360317232088938e-05,0.0007496505791614295
0.4,original,linear,SKS03,2,T1,15,0.025133339410927616,0.1317598597888931,0.10146716635477782,0.008113048127765948,0.9034413613354312,-0.00012822874991574087,0.006226033502465866
0.4,original,linear,SKS03,2,T2,8,0.0860600421595422,0.13391542954332855,0.04847482819629678,0.07387590439336103,0.9538946571405853,-8.240007051195557e-05,0.015503082644286476
0.4,original,linear,SKS03,2,T3,6,0.03212489202596133,0.07615515177009835,0.04376984486436447,0.027296088719224853,0.626780814709672,0.0009758579106787189,0.0031504377090832295
0.4,original,linear,SKS03,3,F1,12,-9.155087160010733e-05,0.04422407781322503,0.04608902502387367,-0.0009915441980239727,0.0,-9.31578639552087e-06,0.0
0.4,original,linear,SKS03,3,F2,12,-0.0030955995618191547,0.043176266653499745,0.04931471647541764,-0.004496076662251394,0.0,-0.0002883793521158943,0.0
0.4,original,linear,SKS03,3,T1,15,0.051230583792138976,0.11602303333138632,0.06796756291020223,0.04720137554279183,0.0,0.009302057531651317,0.0
0.4,original,linear,SKS03,3,T2,8,0.023993853329056587,0.055270387895374376,0.034463410553441126,0.02211843366671723,0.0,0.0021221968462358286,0.0
0.4,original,linear,SKS03,3,T3,6,0.007543216914388442,0.04481823795046448,0.03561945129993746,0.007596142336646728,0.0,0.0006639525531958521,0.0
0.4,original,linear,SKS03,4,F1,12,-0.012787193312970678,0.03191840191192653,0.044319902763704566,-0.013163049147143578,0.0,-0.0009574853965048946,0.0
0.4,original,linear,SKS03,4,F2,12,-0.014778553500272618,0.04242981205715915,0.05444779227792792,-0.01666874565522174,0.0,-0.0014147827516886834,0.0
0.4,original,linear,SKS03,4,T1,15,-0.02495048461302363,0.02568694115893174,0.051248104983403764,-0.02384007688123167,0.0,-0.0018034266299767157,0.0
0.4,original,linear,SKS03,4,T2,8,0.006994323355628723,0.027473386188927657,0.024311242879697034,0.004856192774489128,0.0,0.0003605665839776453,0.0
0.4,original,linear,SKS03,4,T3,6,0.006816813300389565,0.0387696373909535,0.033736683106465604,0.006866740575558063,0.0,0.0005223974523373803,0.0
0.4,original,pchip,SKS02,2,F1,12,0.1689365004538934,0.208510206644819,0.040348623437888496,0.15028480247339887,0.9879403823038864,0.00023881916636770724,0.04165306272764745
0.4,original,pchip,SKS02,2,F2,12,0.13962582488749936,0.18829290074486965,0.049197482768005785,0.1250132320836042,0.9893626208009598,3.572842174857382e-05,0.03328046238699829
0.4,original,pchip,SKS02,2,T1,15,0.15126267730888776,0.2164353165588128,0.06656064406819917,0.12097494018964247,0.9983998972035616,-9.133230963211076e-06,0.042483078295693165
0.4,original,pchip,SKS02,2,T2,8,0.20599045927129356,0.23347944226765932,0.02888004340433093,0.18264509387006442,0.9962654869577419,7.443192455977145e-05,0.05383364708809446
0.4,original,pchip,SKS02,2,T3,6,0.15934043590282249,0.19794421150400177,0.0421008404340055,0.15329319313688722,0.9884491163496802,-9.356277554925532e-05,0.03778378907188903
0.4,original,pchip,SKS02,3,F1,12,0.04384575844938589,0.08655825704890724,0.04298003736711598,0.03738260700204507,0.3793074699794156,0.003533449505741602,0.002055171482427521
0.4,original,pchip,SKS02,3,F2,12,0.02376741173724247,0.07479146973076015,0.04830425268588025,0.013003002945669997,0.24975319498078358,0.001877307971386826,0.000825735884982091
0.4,original,pchip,SKS02,3,T1,15,0.06345932008868027,0.1059992692845955,0.04303679634892446,0.044244425009277284,0.8771084242881106,0.0005385029437967684,0.00823457247722141
0.4,original,pchip,SKS02,3,T2,8,0.0364595797796256,0.057106477323746976,0.023828658782432104,0.028534586032203383,0.8418507603323835,0.00017973819249652906,0.0024496046801348982
0.4,original,pchip,SKS02,3,T3,6,0.011963428741001647,0.048695889252155386,0.03622963338918088,0.01063312906909079,0.24827316879457817,0.0009537730060911865,-6.41492234956877e-05
0.4,original,pchip,SKS02,4,F1,12,0.02156776414832168,0.06774487680793989,0.0462192616374404,0.01953493641809333,0.0,0.0024215060059708257,0.0
0.4,original,pchip,SKS02,4,F2,12,0.005049661765747802,0.0645383862047314,0.05830198010787299,0.0014681513105585207,0.0,0.000632829269606962,0.0
0.4,original,pchip,SKS02,4,T1,15,0.003992105208474386,0.03757191579346985,0.033165642135399895,0.003656921354523914,0.0,0.0002738900864388173,0.0
0.4,original,pchip,SKS02,4,T2,8,0.0054249553382951475,0.02788185819919233,0.019791307908138343,0.002610188192141481,0.0,0.000219905126601348,0.0
0.4,original,pchip,SKS02,4,T3,6,0.010353548410946843,0.04460974682424296,0.03539377479052777,0.010430671070673941,0.0,0.0008486909214691404,0.0
0.4,original,pchip,SKS03,2,F1,12,0.023043188757881618,0.06347935497870263,0.040348623437888496,0.013718176957777339,0.7006109722635203,0.00034897398997123333,0.0021037331615398926
0.4,original,pchip,SKS03,2,F2,12,0.023313796488236335,0.07182775634665706,0.049197482768005785,0.017733879047659606,0.27058277652916196,0.0028652991092331607,0.0009028971241228168
0.4,original,pchip,SKS03,2,T1,15,0.06507310838837221,0.13203554706792078,0.06656064406819917,0.04325745350831217,0.9310671007524002,0.0010427563684488233,0.011783184461425216
0.4,original,pchip,SKS03,2,T2,8,0.10389773918686196,0.13444820897611479,0.02888004340433093,0.08704173432626444,0.9322126341015036,0.0006658520113407168,0.016569849730455614
0.4,original,pchip,SKS03,2,T3,6,0.030589349907075764,0.0691038435317829,0.0421008404340055,0.025187030144925075,0.7603859127562572,0.00011012179769183514,0.0030758272086444678
0.4,original,pchip,SKS03,3,F1,12,-0.0009752305858981535,0.04144972472947918,0.04298003736711598,-0.001386450356940721,0.0,-8.463043382108123e-05,0.0
0.4,original,pchip,SKS03,3,F2,12,-0.001404109432160995,0.047034196994586955,0.04830425268588025,-0.001990643778209518,0.0,-0.00013416294131643185,0.0
0.4,original,pchip,SKS03,3,T1,15,0.01931541387688311,0.06356688161427843,0.04303679634892446,0.01715703606713327,0.0,0.0018554326345800167,0.0
0.4,original,pchip,SKS03,3,T2,8,0.0037611939789736013,0.026822960694796324,0.023828658782432104,0.002587548494685135,0.0,0.00015555147640705034,0.0
0.4,original,pchip,SKS03,3,T3,6,0.007493874118381063,0.04339119156321311,0.03622963338918088,0.007553912497561637,0.0,0.0005915780726975003,0.0
0.4,original,pchip,SKS03,4,F1,12,-0.01067056552721168,0.0360188218195551,0.0462192616374404,-0.011166258387747954,0.0,-0.0008398769537412267,0.0
0.4,original,pchip,SKS03,4,F2,12,-0.006993379649240284,0.04975691993142463,0.05830198010787299,-0.011415641968213718,0.0,-0.0007390621297910657,0.0
0.4,original,pchip,SKS03,4,T1,15,-0.010950433355363356,0.022535173126511352,0.033165642135399895,-0.011656259722806487,0.0,-0.0005921257904115735,0.0
0.4,original,pchip,SKS03,4,T2,8,0.006643162521698319,0.0250165927762412,0.019791307908138343,0.003961939258216611,0.0,0.00025550101638371735,0.0
0.4,original,pchip,SKS03,4,T3,6,0.0050756421193183555,0.038625121851548844,0.03539377479052777,0.0051075133919809106,0.0,0.0003843106531160878,0.0
