pile,stage,eligible_complete_rows,source_file,source_sha256,status,timestamp
F1,Step 1,17,load-test/F1/F1_load-distrib.csv,97bce3b3eec343662070df1bdd9d39535986dfc04c96ca024d90a6d558d1bb20,included,2022-04-07 15:06:04
F1,Step 2,17,load-test/F1/F1_load-distrib.csv,97bce3b3eec343662070df1bdd9d39535986dfc04c96ca024d90a6d558d1bb20,included,2022-04-07 15:45:58
F1,Step 3,17,load-test/F1/F1_load-distrib.csv,97bce3b3eec343662070df1bdd9d39535986dfc04c96ca024d90a6d558d1bb20,included,2022-04-07 16:22:17
F1,Step 4,20,load-test/F1/F1_load-distrib.csv,97bce3b3eec343662070df1bdd9d39535986dfc04c96ca024d90a6d558d1bb20,included,2022-04-07 17:03:42
F1,Step 5,37,load-test/F1/F1_load-distrib.csv,97bce3b3eec343662070df1bdd9d39535986dfc04c96ca024d90a6d558d1bb20,included,2022-04-07 18:12:47
F1,Step 6,43,load-test/F1/F1_load-distrib.csv,97bce3b3eec343662070df1bdd9d39535986dfc04c96ca024d90a6d558d1bb20,included,2022-04-07 19:32:15
F1,Step 7,10,load-test/F1/F1_load-distrib.csv,97bce3b3eec343662070df1bdd9d39535986dfc04c96ca024d90a6d558d1bb20,included,2022-04-07 19:54:38
F1,Step 8,38,load-test/F1/F1_load-distrib.csv,97bce3b3eec343662070df1bdd9d39535986dfc04c96ca024d90a6d558d1bb20,included,2022-04-07 21:03:51
F1,Step 9,5,load-test/F1/F1_load-distrib.csv,97bce3b3eec343662070df1bdd9d39535986dfc04c96ca024d90a6d558d1bb20,included,2022-04-07 21:17:40
F1,Step 10,37,load-test/F1/F1_load-distrib.csv,97bce3b3eec343662070df1bdd9d39535986dfc04c96ca024d90a6d558d1bb20,included,2022-04-07 22:25:16
F1,Step 11,8,load-test/F1/F1_load-distrib.csv,97bce3b3eec343662070df1bdd9d39535986dfc04c96ca024d90a6d558d1bb20,included,2022-04-07 22:44:18
F1,Step 12,25,load-test/F1/F1_load-distrib.csv,97bce3b3eec343662070df1bdd9d39535986dfc04c96ca024d90a6d558d1bb20,included,2022-04-07 23:32:49
F2,Step 1,23,load-test/F2/F2_load-distrib.csv,bd618eadbaf1f6fed38b92920d0533c4149f32f06c139abc3f019460a762e26a,included,2022-04-12 10:42:36
F2,Step 2,21,load-test/F2/F2_load-distrib.csv,bd618eadbaf1f6fed38b92920d0533c4149f32f06c139abc3f019460a762e26a,included,2022-04-12 11:21:32
F2,Step 3,19,load-test/F2/F2_load-distrib.csv,bd618eadbaf1f6fed38b92920d0533c4149f32f06c139abc3f019460a762e26a,included,2022-04-12 12:01:51
F2,Step 4,20,load-test/F2/F2_load-distrib.csv,bd618eadbaf1f6fed38b92920d0533c4149f32f06c139abc3f019460a762e26a,included,2022-04-12 12:39:09
F2,Step 5,40,load-test/F2/F2_load-distrib.csv,bd618eadbaf1f6fed38b92920d0533c4149f32f06c139abc3f019460a762e26a,included,2022-04-12 13:47:53
F2,Step 6,43,load-test/F2/F2_load-distrib.csv,bd618eadbaf1f6fed38b92920d0533c4149f32f06c139abc3f019460a762e26a,included,2022-04-12 15:01:04
F2,Step 7,42,load-test/F2/F2_load-distrib.csv,bd618eadbaf1f6fed38b92920d0533c4149f32f06c139abc3f019460a762e26a,included,2022-04-12 16:11:23
F2,Step 8,41,load-test/F2/F2_load-distrib.csv,bd618eadbaf1f6fed38b92920d0533c4149f32f06c139abc3f019460a762e26a,included,2022-04-12 17:20:13
F2,Step 9,51,load-test/F2/F2_load-distrib.csv,bd618eadbaf1f6fed38b92920d0533c4149f32f06c139abc3f019460a762e26a,included,2022-04-12 18:42:37
F2,Step 10,67,load-test/F2/F2_load-distrib.csv,bd618eadbaf1f6fed38b92920d0533c4149f32f06c139abc3f019460a762e26a,included,2022-04-12 20:25:55
F2,Step 11,48,load-test/F2/F2_load-distrib.csv,bd618eadbaf1f6fed38b92920d0533c4149f32f06c139abc3f019460a762e26a,included,2022-04-12 21:40:48
F2,Step 12,13,load-test/F2/F2_load-distrib.csv,bd618eadbaf1f6fed38b92920d0533c4149f32f06c139abc3f019460a762e26a,included,2022-04-12 22:03:15
T1,Step 1,16,load-test/T1/T1_load-distrib.csv,95b8d97acc1d95152fb46b205c2d3ed0b450c521fe018819a5d1f9bfc314ebc1,included,2022-04-05 11:33:51
T1,Step 2,16,load-test/T1/T1_load-distrib.csv,95b8d97acc1d95152fb46b205c2d3ed0b450c521fe018819a5d1f9bfc314ebc1,included,2022-04-05 12:10:58
T1,Step 3,16,load-test/T1/T1_load-distrib.csv,95b8d97acc1d95152fb46b205c2d3ed0b450c521fe018819a5d1f9bfc314ebc1,included,2022-04-05 12:46:19
T1,Step 4,17,load-test/T1/T1_load-distrib.csv,95b8d97acc1d95152fb46b205c2d3ed0b450c521fe018819a5d1f9bfc314ebc1,included,2022-04-05 13:25:10
T1,Step 5,36,load-test/T1/T1_load-distrib.csv,95b8d97acc1d95152fb46b205c2d3ed0b450c521fe018819a5d1f9bfc314ebc1,included,2022-04-05 14:44:38
T1,Step 6,33,load-test/T1/T1_load-distrib.csv,95b8d97acc1d95152fb46b205c2d3ed0b450c521fe018819a5d1f9bfc314ebc1,included,2022-04-05 15:58:23
T1,Step 7,33,load-test/T1/T1_load-distrib.csv,95b8d97acc1d95152fb46b205c2d3ed0b450c521fe018819a5d1f9bfc314ebc1,included,2022-04-05 17:09:04
T1,Step 8,34,load-test/T1/T1_load-distrib.csv,95b8d97acc1d95152fb46b205c2d3ed0b450c521fe018819a5d1f9bfc314ebc1,included,2022-04-05 18:21:28
T1,Step 9,36,load-test/T1/T1_load-distrib.csv,95b8d97acc1d95152fb46b205c2d3ed0b450c521fe018819a5d1f9bfc314ebc1,included,2022-04-05 19:39:13
T1,Step 10,30,load-test/T1/T1_load-distrib.csv,95b8d97acc1d95152fb46b205c2d3ed0b450c521fe018819a5d1f9bfc314ebc1,included,2022-04-05 20:48:00
T1,Step 11,36,load-test/T1/T1_load-distrib.csv,95b8d97acc1d95152fb46b205c2d3ed0b450c521fe018819a5d1f9bfc314ebc1,included,2022-04-05 21:58:45
T1,Step 12,33,load-test/T1/T1_load-distrib.csv,95b8d97acc1d95152fb46b205c2d3ed0b450c521fe018819a5d1f9bfc314ebc1,included,2022-04-05 23:04:03
T1,Step 13,9,load-test/T1/T1_load-distrib.csv,95b8d97acc1d95152fb46b205c2d3ed0b450c521fe018819a5d1f9bfc314ebc1,included,2022-04-05 23:26:40
T1,Step 14,6,load-test/T1/T1_load-distrib.csv,95b8d97acc1d95152fb46b205c2d3ed0b450c521fe018819a5d1f9bfc314ebc1,included,2022-04-05 23:40:47
T1,Step 15,12,load-test/T1/T1_load-distrib.csv,95b8d97acc1d95152fb46b205c2d3ed0b450c521fe018819a5d1f9bfc314ebc1,included,2022-04-06 00:07:15
T2,Step 1,21,load-test/T2/T2_load-distrib.csv,249a5ad1bd4a835aa9c04e3e00693bc4e361fc3549b86a7149cb9f4d5e408fbc,included,2022-04-09 11:38:17
T2,Step 2,22,load-test/T2/T2_load-distrib.csv,249a5ad1bd4a835aa9c04e3e00693bc4e361fc3549b86a7149cb9f4d5e408fbc,included,2022-04-09 12:17:39
T2,Step 3,23,load-test/T2/T2_load-distrib.csv,249a5ad1bd4a835aa9c04e3e00693bc4e361fc3549b86a7149cb9f4d5e408fbc,included,2022-04-09 12:58:29
T2,Step 4,23,load-test/T2/T2_load-distrib.csv,249a5ad1bd4a835aa9c04e3e00693bc4e361fc3549b86a7149cb9f4d5e408fbc,included,2022-04-09 13:40:48
T2,Step 5,43,load-test/T2/T2_load-distrib.csv,249a5ad1bd4a835aa9c04e3e00693bc4e361fc3549b86a7149cb9f4d5e408fbc,included,2022-04-09 14:49:22
T2,Step 6,45,load-test/T2/T2_load-distrib.csv,249a5ad1bd4a835aa9c04e3e00693bc4e361fc3549b86a7149cb9f4d5e408fbc,included,2022-04-09 16:00:50
T2,Step 7,43,load-test/T2/T2_load-distrib.csv,249a5ad1bd4a835aa9c04e3e00693bc4e361fc3549b86a7149cb9f4d5e408fbc,included,2022-04-09 17:10:53
T2,Step 8,38,load-test/T2/T2_load-distrib.csv,249a5ad1bd4a835aa9c04e3e00693bc4e361fc3549b86a7149cb9f4d5e408fbc,included,2022-04-09 18:12:09
T3,Step 1,18,load-test/T3/T3_load-distrib.csv,c1d8a3deb6a290bfb291f9801eeed97939bc915611d8125011649edd8a0775f1,included,2022-04-14 10:07:38
T3,Step 2,17,load-test/T3/T3_load-distrib.csv,c1d8a3deb6a290bfb291f9801eeed97939bc915611d8125011649edd8a0775f1,included,2022-04-14 10:42:15
T3,Step 3,18,load-test/T3/T3_load-distrib.csv,c1d8a3deb6a290bfb291f9801eeed97939bc915611d8125011649edd8a0775f1,included,2022-04-14 11:18:19
T3,Step 4,23,load-test/T3/T3_load-distrib.csv,c1d8a3deb6a290bfb291f9801eeed97939bc915611d8125011649edd8a0775f1,included,2022-04-14 11:58:41
T3,Step 5,63,load-test/T3/T3_load-distrib.csv,c1d8a3deb6a290bfb291f9801eeed97939bc915611d8125011649edd8a0775f1,included,2022-04-14 13:36:43
T3,Step 6,52,load-test/T3/T3_load-distrib.csv,c1d8a3deb6a290bfb291f9801eeed97939bc915611d8125011649edd8a0775f1,included,2022-04-14 14:58:03
