source,case,depth,depth_unit,load_unit,load,digitisation_replicates,digitisation_range,quality_class,normalised_depth,figure_image,physical_depth,digitisation_kind,marker_colour,digitised_pixel_x_sd,digitised_pixels
Kevan (2017) BYU thesis,Turrell H-pile post-blast,0.0,ft,kips,117.77483419562539,2.0,2.0946930217926933,primary field trace,0.0,,,,,,
Kevan (2017) BYU thesis,Turrell H-pile post-blast,16.0,ft,kips,147.28000862258662,2.0,0.0480413628853853,primary field trace,0.18823529411764706,,,,,,
Kevan (2017) BYU thesis,Turrell H-pile post-blast,25.0,ft,kips,156.23412269195586,2.0,0.10621062365683542,primary field trace,0.29411764705882354,,,,,,
Kevan (2017) BYU thesis,Turrell H-pile post-blast,32.0,ft,kips,159.19739158970035,2.0,0.07230992649840573,primary field trace,0.3764705882352941,,,,,,
Kevan (2017) BYU thesis,Turrell H-pile post-blast,36.0,ft,kips,159.8333534794732,2.0,0.03182175486475103,primary field trace,0.4235294117647059,,,,,,
Kevan (2017) BYU thesis,Turrell H-pile post-blast,55.0,ft,kips,173.1153434835678,2.0,0.12176417471766854,primary field trace,0.6470588235294118,,,,,,
Kevan (2017) BYU thesis,Turrell H-pile post-blast,62.0,ft,kips,159.05902272054664,2.0,0.39494367675806075,primary field trace,0.7294117647058823,,,,,,
Kevan (2017) BYU thesis,Turrell H-pile post-blast,72.0,ft,kips,112.11445713482465,2.0,2.231861948352318,primary field trace,0.8470588235294118,,,,,,
Kevan (2017) BYU thesis,Turrell H-pile post-blast,85.0,ft,kips,63.77933220297435,2.0,0.8988294081198234,primary field trace,1.0,,,,,,
Kevan (2017) BYU thesis,Turrell concrete pile post-blast,0.0,ft,kips,116.94390266864715,2.0,0.5076796418482274,qualified sensitivity,0.0,,,,,,
Kevan (2017) BYU thesis,Turrell concrete pile post-blast,4.0,ft,kips,119.54173048016108,2.0,0.18594543237186656,qualified sensitivity,0.05555555555555555,,,,,,
Kevan (2017) BYU thesis,Turrell concrete pile post-blast,12.0,ft,kips,123.7947133224844,2.0,0.5089505239688066,qualified sensitivity,0.16666666666666666,,,,,,
Kevan (2017) BYU thesis,Turrell concrete pile post-blast,20.0,ft,kips,127.42069088777976,2.0,0.40277288493757624,qualified sensitivity,0.2777777777777778,,,,,,
Kevan (2017) BYU thesis,Turrell concrete pile post-blast,28.0,ft,kips,127.61079883275349,2.0,0.5396464225853634,qualified sensitivity,0.3888888888888889,,,,,,
Kevan (2017) BYU thesis,Turrell concrete pile post-blast,36.0,ft,kips,143.83109725055152,2.0,0.34170525429178156,qualified sensitivity,0.5,,,,,,
Kevan (2017) BYU thesis,Turrell concrete pile post-blast,52.0,ft,kips,157.65333155446254,2.0,0.35438315134297227,qualified sensitivity,0.7222222222222222,,,,,,
Kevan (2017) BYU thesis,Turrell concrete pile post-blast,60.0,ft,kips,170.1273871227361,2.0,0.02713280428525877,qualified sensitivity,0.8333333333333334,,,,,,
Kevan (2017) BYU thesis,Turrell concrete pile post-blast,68.0,ft,kips,147.30992788324716,2.0,0.04162283272748368,qualified sensitivity,0.9444444444444444,,,,,,
Kevan (2017) BYU thesis,Turrell concrete pile post-blast,72.0,ft,kips,114.44239177327736,2.0,0.826879628143459,qualified sensitivity,1.0,,,,,,
Kevan (2017) BYU thesis,Turrell pipe pile post-blast,0.0,ft,kips,118.08294850182153,2.0,1.1838230227074575,primary field trace,0.0,,,,,,
Kevan (2017) BYU thesis,Turrell pipe pile post-blast,4.0,ft,kips,131.37826470222944,2.0,0.4980752981786907,primary field trace,0.05263157894736842,,,,,,
Kevan (2017) BYU thesis,Turrell pipe pile post-blast,20.0,ft,kips,168.18963575864132,2.0,0.6272376415824397,primary field trace,0.2631578947368421,,,,,,
Kevan (2017) BYU thesis,Turrell pipe pile post-blast,40.0,ft,kips,190.1714741297509,2.0,0.5725498683889612,primary field trace,0.5263157894736842,,,,,,
Kevan (2017) BYU thesis,Turrell pipe pile post-blast,52.0,ft,kips,194.91944639669663,2.0,0.6687966637124703,primary field trace,0.6842105263157895,,,,,,
Kevan (2017) BYU thesis,Turrell pipe pile post-blast,60.0,ft,kips,209.69214578403773,2.0,1.3045814231479085,primary field trace,0.7894736842105263,,,,,,
Kevan (2017) BYU thesis,Turrell pipe pile post-blast,76.0,ft,kips,132.4608360656182,2.0,0.041806604513567436,primary field trace,1.0,,,,,,
FHWA-HRT-17-060,Christchurch 12-m CFA pile post-blast,,m,kips,237.6996805111821,,,,0.0,fhwa_p10.png,0.0,published measured trace,,,
FHWA-HRT-17-060,Christchurch 12-m CFA pile post-blast,,m,kips,237.1222044728435,,,,0.010000000000000037,fhwa_p10.png,0.09700000000000035,published measured trace,,,
FHWA-HRT-17-060,Christchurch 12-m CFA pile post-blast,,m,kips,238.14283029505737,,,,0.01999999999999994,fhwa_p10.png,0.19399999999999942,published measured trace,,,
FHWA-HRT-17-060,Christchurch 12-m CFA pile post-blast,,m,kips,239.1114452170645,,,,0.029999999999999978,fhwa_p10.png,0.29099999999999976,published measured trace,,,
FHWA-HRT-17-060,Christchurch 12-m CFA pile post-blast,,m,kips,239.87129164764943,,,,0.040000000000000015,fhwa_p10.png,0.3880000000000001,published measured trace,,,
FHWA-HRT-17-060,Christchurch 12-m CFA pile post-blast,,m,kips,240.5630990415335,,,,0.05000000000000005,fhwa_p10.png,0.4850000000000005,published measured trace,,,
FHWA-HRT-17-060,Christchurch 12-m CFA pile post-blast,,m,kips,240.81469648562302,,,,0.059999999999999956,fhwa_p10.png,0.5819999999999995,published measured trace,,,
FHWA-HRT-17-060,Christchurch 12-m CFA pile post-blast,,m,kips,238.77635782747603,,,,0.06999999999999999,fhwa_p10.png,0.6789999999999998,published measured trace,,,
FHWA-HRT-17-060,Christchurch 12-m CFA pile post-blast,,m,kips,235.98594249201275,,,,0.08000000000000003,fhwa_p10.png,0.7760000000000002,published measured trace,,,
FHWA-HRT-17-060,Christchurch 12-m CFA pile post-blast,,m,kips,233.55191693290735,,,,0.08999999999999994,fhwa_p10.png,0.8729999999999993,published measured trace,,,
FHWA-HRT-17-060,Christchurch 12-m CFA pile post-blast,,m,kips,230.92571884984025,,,,0.09999999999999998,fhwa_p10.png,0.9699999999999998,published measured trace,,,
FHWA-HRT-17-060,Christchurch 12-m CFA pile post-blast,,m,kips,228.59424920127796,,,,0.11000000000000001,fhwa_p10.png,1.0670000000000002,published measured trace,,,
FHWA-HRT-17-060,Christchurch 12-m CFA pile post-blast,,m,kips,225.65997261524421,,,,0.12000000000000005,fhwa_p10.png,1.1640000000000004,published measured trace,,,
FHWA-HRT-17-060,Christchurch 12-m CFA pile post-blast,,m,kips,223.56230031948883,,,,0.12999999999999995,fhwa_p10.png,1.2609999999999995,published measured trace,,,
FHWA-HRT-17-060,Christchurch 12-m CFA pile post-blast,,m,kips,220.92651757188497,,,,0.13999999999999999,fhwa_p10.png,1.3579999999999997,published measured trace,,,
FHWA-HRT-17-060,Christchurch 12-m CFA pile post-blast,,m,kips,218.26895149578857,,,,0.15000000000000002,fhwa_p10.png,1.455,published measured trace,,,
FHWA-HRT-17-060,Christchurch 12-m CFA pile post-blast,,m,kips,215.7740342724368,,,,0.16000000000000006,fhwa_p10.png,1.5520000000000005,published measured trace,,,
FHWA-HRT-17-060,Christchurch 12-m CFA pile post-blast,,m,kips,213.2791170490851,,,,0.16999999999999996,fhwa_p10.png,1.6489999999999994,published measured trace,,,
FHWA-HRT-17-060,Christchurch 12-m CFA pile post-blast,,m,kips,210.7841998257333,,,,0.18,fhwa_p10.png,1.7459999999999998,published measured trace,,,
FHWA-HRT-17-060,Christchurch 12-m CFA pile post-blast,,m,kips,208.07987220447282,,,,0.19000000000000003,fhwa_p10.png,1.8430000000000002,published measured trace,,,
FHWA-HRT-17-060,Christchurch 12-m CFA pile post-blast,,m,kips,205.2076677316294,,,,0.19999999999999996,fhwa_p10.png,1.9399999999999995,published measured trace,,,
FHWA-HRT-17-060,Christchurch 12-m CFA pile post-blast,,m,kips,203.2549520766773,,,,0.21,fhwa_p10.png,2.037,published measured trace,,,
FHWA-HRT-17-060,Christchurch 12-m CFA pile post-blast,,m,kips,201.05942492012778,,,,0.22000000000000003,fhwa_p10.png,2.1340000000000003,published measured trace,,,
FHWA-HRT-17-060,Christchurch 12-m CFA pile post-blast,,m,kips,200.55910543130992,,,,0.22999999999999993,fhwa_p10.png,2.230999999999999,published measured trace,,,
FHWA-HRT-17-060,Christchurch 12-m CFA pile post-blast,,m,kips,200.07987220447285,,,,0.23999999999999996,fhwa_p10.png,2.3279999999999994,published measured trace,,,
FHWA-HRT-17-060,Christchurch 12-m CFA pile post-blast,,m,kips,199.8402555910543,,,,0.25,fhwa_p10.png,2.425,published measured trace,,,
FHWA-HRT-17-060,Christchurch 12-m CFA pile post-blast,,m,kips,199.41214057507986,,,,0.26000000000000006,fhwa_p10.png,2.5220000000000002,published measured trace,,,
FHWA-HRT-17-060,Christchurch 12-m CFA pile post-blast,,m,kips,198.8817891373802,,,,0.2700000000000001,fhwa_p10.png,2.6190000000000007,published measured trace,,,
FHWA-HRT-17-060,Christchurch 12-m CFA pile post-blast,,m,kips,198.64217252396165,,,,0.27999999999999997,fhwa_p10.png,2.7159999999999993,published measured trace,,,
FHWA-HRT-17-060,Christchurch 12-m CFA pile post-blast,,m,kips,198.8817891373802,,,,0.29000000000000004,fhwa_p10.png,2.813,published measured trace,,,
FHWA-HRT-17-060,Christchurch 12-m CFA pile post-blast,,m,kips,197.7555910543131,,,,0.30000000000000004,fhwa_p10.png,2.91,published measured trace,,,
FHWA-HRT-17-060,Christchurch 12-m CFA pile post-blast,,m,kips,197.44408945686902,,,,0.30999999999999994,fhwa_p10.png,3.0069999999999992,published measured trace,,,
FHWA-HRT-17-060,Christchurch 12-m CFA pile post-blast,,m,kips,196.96485623003196,,,,0.32,fhwa_p10.png,3.1039999999999996,published measured trace,,,
FHWA-HRT-17-060,Christchurch 12-m CFA pile post-blast,,m,kips,196.96485623003196,,,,0.33,fhwa_p10.png,3.201,published measured trace,,,
FHWA-HRT-17-060,Christchurch 12-m CFA pile post-blast,,m,kips,195.96876109336173,,,,0.3399999999999999,fhwa_p10.png,3.2979999999999987,published measured trace,,,
FHWA-HRT-17-060,Christchurch 12-m CFA pile post-blast,,m,kips,195.6638267660632,,,,0.35,fhwa_p10.png,3.3949999999999996,published measured trace,,,
FHWA-HRT-17-060,Christchurch 12-m CFA pile post-blast,,m,kips,195.35889243876466,,,,0.36,fhwa_p10.png,3.4919999999999995,published measured trace,,,
FHWA-HRT-17-060,Christchurch 12-m CFA pile post-blast,,m,kips,195.05395811146607,,,,0.36999999999999994,fhwa_p10.png,3.588999999999999,published measured trace,,,
FHWA-HRT-17-060,Christchurch 12-m CFA pile post-blast,,m,kips,194.08945686900958,,,,0.38000000000000006,fhwa_p10.png,3.6860000000000004,published measured trace,,,
FHWA-HRT-17-060,Christchurch 12-m CFA pile post-blast,,m,kips,194.08945686900958,,,,0.39,fhwa_p10.png,3.783,published measured trace,,,
FHWA-HRT-17-060,Christchurch 12-m CFA pile post-blast,,m,kips,193.59105431309908,,,,0.4,fhwa_p10.png,3.88,published measured trace,,,
FHWA-HRT-17-060,Christchurch 12-m CFA pile post-blast,,m,kips,193.13099041533548,,,,0.4100000000000001,fhwa_p10.png,3.9770000000000008,published measured trace,,,
FHWA-HRT-17-060,Christchurch 12-m CFA pile post-blast,,m,kips,192.62735986058672,,,,0.42,fhwa_p10.png,4.074,published measured trace,,,
FHWA-HRT-17-060,Christchurch 12-m CFA pile post-blast,,m,kips,192.17252396166134,,,,0.43,fhwa_p10.png,4.170999999999999,published measured trace,,,
FHWA-HRT-17-060,Christchurch 12-m CFA pile post-blast,,m,kips,191.69648562300318,,,,0.44000000000000006,fhwa_p10.png,4.268000000000001,published measured trace,,,
FHWA-HRT-17-060,Christchurch 12-m CFA pile post-blast,,m,kips,191.2140575079872,,,,0.44999999999999996,fhwa_p10.png,4.364999999999999,published measured trace,,,
FHWA-HRT-17-060,Christchurch 12-m CFA pile post-blast,,m,kips,191.18722044728432,,,,0.45999999999999996,fhwa_p10.png,4.462,published measured trace,,,
FHWA-HRT-17-060,Christchurch 12-m CFA pile post-blast,,m,kips,190.2555910543131,,,,0.47000000000000003,fhwa_p10.png,4.559,published measured trace,,,
FHWA-HRT-17-060,Christchurch 12-m CFA pile post-blast,,m,kips,190.01597444089458,,,,0.4799999999999999,fhwa_p10.png,4.655999999999999,published measured trace,,,
FHWA-HRT-17-060,Christchurch 12-m CFA pile post-blast,,m,kips,189.29712460063897,,,,0.4899999999999998,fhwa_p10.png,4.752999999999998,published measured trace,,,
FHWA-HRT-17-060,Christchurch 12-m CFA pile post-blast,,m,kips,189.29712460063897,,,,0.5,fhwa_p10.png,4.85,published measured trace,,,
FHWA-HRT-17-060,Christchurch 12-m CFA pile post-blast,,m,kips,188.54206602768906,,,,0.5099999999999999,fhwa_p10.png,4.946999999999998,published measured trace,,,
FHWA-HRT-17-060,Christchurch 12-m CFA pile post-blast,,m,kips,188.0990415335463,,,,0.5200000000000001,fhwa_p10.png,5.0440000000000005,published measured trace,,,
FHWA-HRT-17-060,Christchurch 12-m CFA pile post-blast,,m,kips,187.7947284345048,,,,0.53,fhwa_p10.png,5.141,published measured trace,,,
FHWA-HRT-17-060,Christchurch 12-m CFA pile post-blast,,m,kips,187.0560557653209,,,,0.5400000000000001,fhwa_p10.png,5.238000000000001,published measured trace,,,
FHWA-HRT-17-060,Christchurch 12-m CFA pile post-blast,,m,kips,185.5591054313099,,,,0.55,fhwa_p10.png,5.335,published measured trace,,,
FHWA-HRT-17-060,Christchurch 12-m CFA pile post-blast,,m,kips,185.22364217252397,,,,0.5599999999999999,fhwa_p10.png,5.431999999999999,published measured trace,,,
FHWA-HRT-17-060,Christchurch 12-m CFA pile post-blast,,m,kips,184.42428115015974,,,,0.5700000000000002,fhwa_p10.png,5.529000000000002,published measured trace,,,
FHWA-HRT-17-060,Christchurch 12-m CFA pile post-blast,,m,kips,183.326517571885,,,,0.5800000000000001,fhwa_p10.png,5.626,published measured trace,,,
FHWA-HRT-17-060,Christchurch 12-m CFA pile post-blast,,m,kips,182.58785942492014,,,,0.59,fhwa_p10.png,5.722999999999999,published measured trace,,,
FHWA-HRT-17-060,Christchurch 12-m CFA pile post-blast,,m,kips,181.82108626198084,,,,0.6000000000000001,fhwa_p10.png,5.82,published measured trace,,,
FHWA-HRT-17-060,Christchurch 12-m CFA pile post-blast,,m,kips,180.79193290734827,,,,0.61,fhwa_p10.png,5.917,published measured trace,,,
FHWA-HRT-17-060,Christchurch 12-m CFA pile post-blast,,m,kips,179.77955271565494,,,,0.6199999999999999,fhwa_p10.png,6.0139999999999985,published measured trace,,,
FHWA-HRT-17-060,Christchurch 12-m CFA pile post-blast,,m,kips,179.5495207667731,,,,0.6300000000000001,fhwa_p10.png,6.111000000000001,published measured trace,,,
FHWA-HRT-17-060,Christchurch 12-m CFA pile post-blast,,m,kips,177.85303514376997,,,,0.64,fhwa_p10.png,6.207999999999999,published measured trace,,,
FHWA-HRT-17-060,Christchurch 12-m CFA pile post-blast,,m,kips,176.8370607028754,,,,0.6499999999999999,fhwa_p10.png,6.304999999999999,published measured trace,,,
FHWA-HRT-17-060,Christchurch 12-m CFA pile post-blast,,m,kips,176.10383386581472,,,,0.66,fhwa_p10.png,6.402,published measured trace,,,
FHWA-HRT-17-060,Christchurch 12-m CFA pile post-blast,,m,kips,175.1453674121406,,,,0.6699999999999999,fhwa_p10.png,6.498999999999999,published measured trace,,,
FHWA-HRT-17-060,Christchurch 12-m CFA pile post-blast,,m,kips,174.9036969420356,,,,0.6799999999999998,fhwa_p10.png,6.595999999999997,published measured trace,,,
FHWA-HRT-17-060,Christchurch 12-m CFA pile post-blast,,m,kips,173.57601954519825,,,,0.6900000000000001,fhwa_p10.png,6.6930000000000005,published measured trace,,,
FHWA-HRT-17-060,Christchurch 12-m CFA pile post-blast,,m,kips,171.63878970118398,,,,0.7,fhwa_p10.png,6.789999999999999,published measured trace,,,
FHWA-HRT-17-060,Christchurch 12-m CFA pile post-blast,,m,kips,170.12779552715654,,,,0.7099999999999999,fhwa_p10.png,6.886999999999998,published measured trace,,,
FHWA-HRT-17-060,Christchurch 12-m CFA pile post-blast,,m,kips,168.21537305017853,,,,0.72,fhwa_p10.png,6.983999999999999,published measured trace,,,
FHWA-HRT-17-060,Christchurch 12-m CFA pile post-blast,,m,kips,166.29392971246006,,,,0.7299999999999999,fhwa_p10.png,7.080999999999999,published measured trace,,,
FHWA-HRT-17-060,Christchurch 12-m CFA pile post-blast,,m,kips,164.6980830670927,,,,0.7399999999999999,fhwa_p10.png,7.177999999999998,published measured trace,,,
FHWA-HRT-17-060,Christchurch 12-m CFA pile post-blast,,m,kips,163.29073482428115,,,,0.75,fhwa_p10.png,7.2749999999999995,published measured trace,,,
FHWA-HRT-17-060,Christchurch 12-m CFA pile post-blast,,m,kips,161.0952076677316,,,,0.7600000000000001,fhwa_p10.png,7.372000000000001,published measured trace,,,
FHWA-HRT-17-060,Christchurch 12-m CFA pile post-blast,,m,kips,159.5846645367412,,,,0.7699999999999998,fhwa_p10.png,7.468999999999998,published measured trace,,,
FHWA-HRT-17-060,Christchurch 12-m CFA pile post-blast,,m,kips,157.9808306709265,,,,0.78,fhwa_p10.png,7.566,published measured trace,,,
FHWA-HRT-17-060,Christchurch 12-m CFA pile post-blast,,m,kips,156.323482428115,,,,0.7900000000000001,fhwa_p10.png,7.663000000000001,published measured trace,,,
FHWA-HRT-17-060,Christchurch 12-m CFA pile post-blast,,m,kips,154.348410963511,,,,0.8,fhwa_p10.png,7.76,published measured trace,,,
FHWA-HRT-17-060,Christchurch 12-m CFA pile post-blast,,m,kips,152.6151000504456,,,,0.8099999999999999,fhwa_p10.png,7.856999999999998,published measured trace,,,
FHWA-HRT-17-060,Christchurch 12-m CFA pile post-blast,,m,kips,150.86741214057506,,,,0.8200000000000002,fhwa_p10.png,7.9540000000000015,published measured trace,,,
FHWA-HRT-17-060,Christchurch 12-m CFA pile post-blast,,m,kips,149.28833865814696,,,,0.8300000000000001,fhwa_p10.png,8.051,published measured trace,,,
FHWA-HRT-17-060,Christchurch 12-m CFA pile post-blast,,m,kips,147.12460063897763,,,,0.84,fhwa_p10.png,8.148,published measured trace,,,
FHWA-HRT-17-060,Christchurch 12-m CFA pile post-blast,,m,kips,145.0686900958466,,,,0.8500000000000001,fhwa_p10.png,8.245000000000001,published measured trace,,,
FHWA-HRT-17-060,Christchurch 12-m CFA pile post-blast,,m,kips,142.67731629392975,,,,0.86,fhwa_p10.png,8.341999999999999,published measured trace,,,
FHWA-HRT-17-060,Christchurch 12-m CFA pile post-blast,,m,kips,140.4153354632588,,,,0.8699999999999999,fhwa_p10.png,8.438999999999998,published measured trace,,,
FHWA-HRT-17-060,Christchurch 12-m CFA pile post-blast,,m,kips,138.49840255591053,,,,0.8800000000000001,fhwa_p10.png,8.536000000000001,published measured trace,,,
FHWA-HRT-17-060,Christchurch 12-m CFA pile post-blast,,m,kips,135.74041533546327,,,,0.89,fhwa_p10.png,8.633,published measured trace,,,
FHWA-HRT-17-060,Christchurch 12-m CFA pile post-blast,,m,kips,133.43051118210866,,,,0.8999999999999999,fhwa_p10.png,8.729999999999999,published measured trace,,,
FHWA-HRT-17-060,Christchurch 12-m CFA pile post-blast,,m,kips,130.83067092651757,,,,0.91,fhwa_p10.png,8.827,published measured trace,,,
FHWA-HRT-17-060,Christchurch 12-m CFA pile post-blast,,m,kips,128.7001369237791,,,,0.9199999999999999,fhwa_p10.png,8.924,published measured trace,,,
FHWA-HRT-17-060,Christchurch 12-m CFA pile post-blast,,m,kips,126.10063897763582,,,,0.9299999999999998,fhwa_p10.png,9.020999999999997,published measured trace,,,
FHWA-HRT-17-060,Christchurch 12-m CFA pile post-blast,,m,kips,123.90095846645364,,,,0.9400000000000001,fhwa_p10.png,9.118,published measured trace,,,
FHWA-HRT-17-060,Christchurch 12-m CFA pile post-blast,,m,kips,121.03514376996807,,,,0.95,fhwa_p10.png,9.214999999999998,published measured trace,,,
FHWA-HRT-17-060,Christchurch 12-m CFA pile post-blast,,m,kips,119.32907348242811,,,,0.9599999999999999,fhwa_p10.png,9.311999999999998,published measured trace,,,
FHWA-HRT-17-060,Christchurch 12-m CFA pile post-blast,,m,kips,116.83806961493188,,,,0.97,fhwa_p10.png,9.408999999999999,published measured trace,,,
FHWA-HRT-17-060,Christchurch 12-m CFA pile post-blast,,m,kips,114.2381032453338,,,,0.9799999999999999,fhwa_p10.png,9.505999999999998,published measured trace,,,
FHWA-HRT-17-060,Christchurch 12-m CFA pile post-blast,,m,kips,112.61980830670926,,,,0.9899999999999999,fhwa_p10.png,9.602999999999998,published measured trace,,,
FHWA-HRT-17-060,Christchurch 12-m CFA pile post-blast,,m,kips,112.61980830670926,,,,1.0,fhwa_p10.png,9.7,published measured trace,,,
FHWA-HRT-17-060,Christchurch 14-m CFA pile post-blast,,m,kips,262.78713629402756,,,,0.0,fhwa_p10.png,0.0,published measured trace,,,
FHWA-HRT-17-060,Christchurch 14-m CFA pile post-blast,,m,kips,261.8660030627871,,,,0.009999999999999993,fhwa_p10.png,0.12499999999999992,published measured trace,,,
FHWA-HRT-17-060,Christchurch 14-m CFA pile post-blast,,m,kips,263.25574272588057,,,,0.019999999999999987,fhwa_p10.png,0.24999999999999983,published measured trace,,,
FHWA-HRT-17-060,Christchurch 14-m CFA pile post-blast,,m,kips,265.3277182235835,,,,0.029999999999999978,fhwa_p10.png,0.3749999999999997,published measured trace,,,
FHWA-HRT-17-060,Christchurch 14-m CFA pile post-blast,,m,kips,267.62021439509954,,,,0.03999999999999997,fhwa_p10.png,0.49999999999999967,published measured trace,,,
FHWA-HRT-17-060,Christchurch 14-m CFA pile post-blast,,m,kips,269.4601837672282,,,,0.04999999999999996,fhwa_p10.png,0.6249999999999996,published measured trace,,,
FHWA-HRT-17-060,Christchurch 14-m CFA pile post-blast,,m,kips,271.51607963246556,,,,0.059999999999999956,fhwa_p10.png,0.7499999999999994,published measured trace,,,
FHWA-HRT-17-060,Christchurch 14-m CFA pile post-blast,,m,kips,273.5995405819295,,,,0.06999999999999995,fhwa_p10.png,0.8749999999999993,published measured trace,,,
FHWA-HRT-17-060,Christchurch 14-m CFA pile post-blast,,m,kips,275.2281776416539,,,,0.08000000000000003,fhwa_p10.png,1.0000000000000004,published measured trace,,,
FHWA-HRT-17-060,Christchurch 14-m CFA pile post-blast,,m,kips,277.738897396631,,,,0.09000000000000002,fhwa_p10.png,1.1250000000000002,published measured trace,,,
FHWA-HRT-17-060,Christchurch 14-m CFA pile post-blast,,m,kips,275.6049004594181,,,,0.10000000000000002,fhwa_p10.png,1.2500000000000002,published measured trace,,,
FHWA-HRT-17-060,Christchurch 14-m CFA pile post-blast,,m,kips,269.3577718223583,,,,0.11000000000000001,fhwa_p10.png,1.3750000000000002,published measured trace,,,
FHWA-HRT-17-060,Christchurch 14-m CFA pile post-blast,,m,kips,263.9081163859112,,,,0.12000000000000001,fhwa_p10.png,1.5000000000000002,published measured trace,,,
FHWA-HRT-17-060,Christchurch 14-m CFA pile post-blast,,m,kips,258.3928024502297,,,,0.13,fhwa_p10.png,1.625,published measured trace,,,
FHWA-HRT-17-060,Christchurch 14-m CFA pile post-blast,,m,kips,252.81316998468606,,,,0.13999999999999999,fhwa_p10.png,1.7499999999999998,published measured trace,,,
FHWA-HRT-17-060,Christchurch 14-m CFA pile post-blast,,m,kips,247.06355283307815,,,,0.15,fhwa_p10.png,1.875,published measured trace,,,
FHWA-HRT-17-060,Christchurch 14-m CFA pile post-blast,,m,kips,241.31393568147013,,,,0.15999999999999998,fhwa_p10.png,1.9999999999999998,published measured trace,,,
FHWA-HRT-17-060,Christchurch 14-m CFA pile post-blast,,m,kips,237.20673813169995,,,,0.16999999999999996,fhwa_p10.png,2.1249999999999996,published measured trace,,,
FHWA-HRT-17-060,Christchurch 14-m CFA pile post-blast,,m,kips,229.85604900459413,,,,0.18000000000000005,fhwa_p10.png,2.2500000000000004,published measured trace,,,
FHWA-HRT-17-060,Christchurch 14-m CFA pile post-blast,,m,kips,224.38208269525268,,,,0.19000000000000006,fhwa_p10.png,2.375000000000001,published measured trace,,,
FHWA-HRT-17-060,Christchurch 14-m CFA pile post-blast,,m,kips,218.4532924961715,,,,0.20000000000000004,fhwa_p10.png,2.5000000000000004,published measured trace,,,
FHWA-HRT-17-060,Christchurch 14-m CFA pile post-blast,,m,kips,218.68300153139356,,,,0.21000000000000002,fhwa_p10.png,2.6250000000000004,published measured trace,,,
FHWA-HRT-17-060,Christchurch 14-m CFA pile post-blast,,m,kips,220.11179173047478,,,,0.22000000000000003,fhwa_p10.png,2.7500000000000004,published measured trace,,,
FHWA-HRT-17-060,Christchurch 14-m CFA pile post-blast,,m,kips,221.95176110260337,,,,0.23,fhwa_p10.png,2.875,published measured trace,,,
FHWA-HRT-17-060,Christchurch 14-m CFA pile post-blast,,m,kips,223.3874425727412,,,,0.24000000000000002,fhwa_p10.png,3.0000000000000004,published measured trace,,,
FHWA-HRT-17-060,Christchurch 14-m CFA pile post-blast,,m,kips,225.11485451761104,,,,0.25,fhwa_p10.png,3.125,published measured trace,,,
FHWA-HRT-17-060,Christchurch 14-m CFA pile post-blast,,m,kips,226.78254211332316,,,,0.26,fhwa_p10.png,3.25,published measured trace,,,
FHWA-HRT-17-060,Christchurch 14-m CFA pile post-blast,,m,kips,229.3116385911179,,,,0.26999999999999996,fhwa_p10.png,3.3749999999999996,published measured trace,,,
FHWA-HRT-17-060,Christchurch 14-m CFA pile post-blast,,m,kips,229.874425727412,,,,0.27999999999999997,fhwa_p10.png,3.4999999999999996,published measured trace,,,
FHWA-HRT-17-060,Christchurch 14-m CFA pile post-blast,,m,kips,230.79785604900454,,,,0.29,fhwa_p10.png,3.6249999999999996,published measured trace,,,
FHWA-HRT-17-060,Christchurch 14-m CFA pile post-blast,,m,kips,233.3843797856049,,,,0.3,fhwa_p10.png,3.75,published measured trace,,,
FHWA-HRT-17-060,Christchurch 14-m CFA pile post-blast,,m,kips,234.99234303215925,,,,0.30999999999999994,fhwa_p10.png,3.874999999999999,published measured trace,,,
FHWA-HRT-17-060,Christchurch 14-m CFA pile post-blast,,m,kips,234.238897396631,,,,0.31999999999999995,fhwa_p10.png,3.9999999999999996,published measured trace,,,
FHWA-HRT-17-060,Christchurch 14-m CFA pile post-blast,,m,kips,231.39509954058198,,,,0.32999999999999996,fhwa_p10.png,4.124999999999999,published measured trace,,,
FHWA-HRT-17-060,Christchurch 14-m CFA pile post-blast,,m,kips,228.6339969372129,,,,0.3399999999999999,fhwa_p10.png,4.249999999999999,published measured trace,,,
FHWA-HRT-17-060,Christchurch 14-m CFA pile post-blast,,m,kips,225.87289433384385,,,,0.3499999999999999,fhwa_p10.png,4.374999999999999,published measured trace,,,
FHWA-HRT-17-060,Christchurch 14-m CFA pile post-blast,,m,kips,222.8177641653905,,,,0.3600000000000001,fhwa_p10.png,4.500000000000001,published measured trace,,,
FHWA-HRT-17-060,Christchurch 14-m CFA pile post-blast,,m,kips,220.58039816232775,,,,0.3699999999999999,fhwa_p10.png,4.624999999999998,published measured trace,,,
FHWA-HRT-17-060,Christchurch 14-m CFA pile post-blast,,m,kips,217.906584992343,,,,0.3800000000000001,fhwa_p10.png,4.750000000000002,published measured trace,,,
FHWA-HRT-17-060,Christchurch 14-m CFA pile post-blast,,m,kips,215.2879019908117,,,,0.3899999999999999,fhwa_p10.png,4.874999999999999,published measured trace,,,
FHWA-HRT-17-060,Christchurch 14-m CFA pile post-blast,,m,kips,212.98621745788662,,,,0.4000000000000001,fhwa_p10.png,5.000000000000001,published measured trace,,,
FHWA-HRT-17-060,Christchurch 14-m CFA pile post-blast,,m,kips,209.63016845329255,,,,0.40999999999999986,fhwa_p10.png,5.124999999999998,published measured trace,,,
FHWA-HRT-17-060,Christchurch 14-m CFA pile post-blast,,m,kips,210.77641653905053,,,,0.42000000000000004,fhwa_p10.png,5.250000000000001,published measured trace,,,
FHWA-HRT-17-060,Christchurch 14-m CFA pile post-blast,,m,kips,204.70290964777956,,,,0.4299999999999999,fhwa_p10.png,5.374999999999998,published measured trace,,,
FHWA-HRT-17-060,Christchurch 14-m CFA pile post-blast,,m,kips,204.79938744257274,,,,0.44000000000000006,fhwa_p10.png,5.500000000000001,published measured trace,,,
FHWA-HRT-17-060,Christchurch 14-m CFA pile post-blast,,m,kips,204.2113323124043,,,,0.45,fhwa_p10.png,5.625,published measured trace,,,
FHWA-HRT-17-060,Christchurch 14-m CFA pile post-blast,,m,kips,203.8759571209801,,,,0.46,fhwa_p10.png,5.75,published measured trace,,,
FHWA-HRT-17-060,Christchurch 14-m CFA pile post-blast,,m,kips,203.73813169984686,,,,0.47000000000000003,fhwa_p10.png,5.875,published measured trace,,,
FHWA-HRT-17-060,Christchurch 14-m CFA pile post-blast,,m,kips,203.41194486983156,,,,0.48000000000000004,fhwa_p10.png,6.000000000000001,published measured trace,,,
FHWA-HRT-17-060,Christchurch 14-m CFA pile post-blast,,m,kips,205.57580398162327,,,,0.49,fhwa_p10.png,6.125,published measured trace,,,
FHWA-HRT-17-060,Christchurch 14-m CFA pile post-blast,,m,kips,202.71822358346094,,,,0.5,fhwa_p10.png,6.25,published measured trace,,,
FHWA-HRT-17-060,Christchurch 14-m CFA pile post-blast,,m,kips,203.40505359877483,,,,0.51,fhwa_p10.png,6.375,published measured trace,,,
FHWA-HRT-17-060,Christchurch 14-m CFA pile post-blast,,m,kips,202.99111791730476,,,,0.52,fhwa_p10.png,6.5,published measured trace,,,
FHWA-HRT-17-060,Christchurch 14-m CFA pile post-blast,,m,kips,201.9280245022971,,,,0.53,fhwa_p10.png,6.625,published measured trace,,,
FHWA-HRT-17-060,Christchurch 14-m CFA pile post-blast,,m,kips,200.7656967840735,,,,0.5399999999999999,fhwa_p10.png,6.749999999999999,published measured trace,,,
FHWA-HRT-17-060,Christchurch 14-m CFA pile post-blast,,m,kips,198.23889739663093,,,,0.5499999999999999,fhwa_p10.png,6.874999999999999,published measured trace,,,
FHWA-HRT-17-060,Christchurch 14-m CFA pile post-blast,,m,kips,195.68453292496173,,,,0.5599999999999999,fhwa_p10.png,6.999999999999999,published measured trace,,,
FHWA-HRT-17-060,Christchurch 14-m CFA pile post-blast,,m,kips,193.54594180704436,,,,0.57,fhwa_p10.png,7.124999999999999,published measured trace,,,
FHWA-HRT-17-060,Christchurch 14-m CFA pile post-blast,,m,kips,190.06584992343033,,,,0.58,fhwa_p10.png,7.249999999999999,published measured trace,,,
FHWA-HRT-17-060,Christchurch 14-m CFA pile post-blast,,m,kips,189.739663093415,,,,0.5900000000000001,fhwa_p10.png,7.375000000000001,published measured trace,,,
FHWA-HRT-17-060,Christchurch 14-m CFA pile post-blast,,m,kips,186.9831546707504,,,,0.6,fhwa_p10.png,7.5,published measured trace,,,
FHWA-HRT-17-060,Christchurch 14-m CFA pile post-blast,,m,kips,185.14548238897396,,,,0.6100000000000001,fhwa_p10.png,7.625000000000001,published measured trace,,,
FHWA-HRT-17-060,Christchurch 14-m CFA pile post-blast,,m,kips,182.7059724349158,,,,0.6199999999999999,fhwa_p10.png,7.749999999999998,published measured trace,,,
FHWA-HRT-17-060,Christchurch 14-m CFA pile post-blast,,m,kips,175.59877488514516,,,,0.6300000000000001,fhwa_p10.png,7.875000000000002,published measured trace,,,
FHWA-HRT-17-060,Christchurch 14-m CFA pile post-blast,,m,kips,178.2542113323124,,,,0.6399999999999999,fhwa_p10.png,7.999999999999999,published measured trace,,,
FHWA-HRT-17-060,Christchurch 14-m CFA pile post-blast,,m,kips,175.19908116385906,,,,0.65,fhwa_p10.png,8.125,published measured trace,,,
FHWA-HRT-17-060,Christchurch 14-m CFA pile post-blast,,m,kips,172.13016845329255,,,,0.6599999999999999,fhwa_p10.png,8.249999999999998,published measured trace,,,
FHWA-HRT-17-060,Christchurch 14-m CFA pile post-blast,,m,kips,168.75803981623272,,,,0.67,fhwa_p10.png,8.375,published measured trace,,,
FHWA-HRT-17-060,Christchurch 14-m CFA pile post-blast,,m,kips,163.01990811638493,,,,0.6799999999999998,fhwa_p10.png,8.499999999999998,published measured trace,,,
FHWA-HRT-17-060,Christchurch 14-m CFA pile post-blast,,m,kips,162.01607963246553,,,,0.6900000000000001,fhwa_p10.png,8.625,published measured trace,,,
FHWA-HRT-17-060,Christchurch 14-m CFA pile post-blast,,m,kips,158.33843797856053,,,,0.6999999999999998,fhwa_p10.png,8.749999999999998,published measured trace,,,
FHWA-HRT-17-060,Christchurch 14-m CFA pile post-blast,,m,kips,155.41653905053596,,,,0.7100000000000001,fhwa_p10.png,8.875000000000002,published measured trace,,,
FHWA-HRT-17-060,Christchurch 14-m CFA pile post-blast,,m,kips,151.7366003062787,,,,0.72,fhwa_p10.png,9.0,published measured trace,,,
FHWA-HRT-17-060,Christchurch 14-m CFA pile post-blast,,m,kips,145.69754977029098,,,,0.73,fhwa_p10.png,9.125,published measured trace,,,
FHWA-HRT-17-060,Christchurch 14-m CFA pile post-blast,,m,kips,145.06584992343033,,,,0.74,fhwa_p10.png,9.25,published measured trace,,,
FHWA-HRT-17-060,Christchurch 14-m CFA pile post-blast,,m,kips,141.50076569678407,,,,0.75,fhwa_p10.png,9.375,published measured trace,,,
FHWA-HRT-17-060,Christchurch 14-m CFA pile post-blast,,m,kips,138.11026033690655,,,,0.76,fhwa_p10.png,9.5,published measured trace,,,
FHWA-HRT-17-060,Christchurch 14-m CFA pile post-blast,,m,kips,134.83920367534455,,,,0.77,fhwa_p10.png,9.625,published measured trace,,,
FHWA-HRT-17-060,Christchurch 14-m CFA pile post-blast,,m,kips,130.80551301684534,,,,0.78,fhwa_p10.png,9.75,published measured trace,,,
FHWA-HRT-17-060,Christchurch 14-m CFA pile post-blast,,m,kips,127.53675344563553,,,,0.7899999999999999,fhwa_p10.png,9.874999999999998,published measured trace,,,
FHWA-HRT-17-060,Christchurch 14-m CFA pile post-blast,,m,kips,124.08882082695249,,,,0.7999999999999999,fhwa_p10.png,10.0,published measured trace,,,
FHWA-HRT-17-060,Christchurch 14-m CFA pile post-blast,,m,kips,120.45482388973969,,,,0.8099999999999999,fhwa_p10.png,10.125,published measured trace,,,
FHWA-HRT-17-060,Christchurch 14-m CFA pile post-blast,,m,kips,117.15160796324655,,,,0.82,fhwa_p10.png,10.25,published measured trace,,,
FHWA-HRT-17-060,Christchurch 14-m CFA pile post-blast,,m,kips,111.33537519142426,,,,0.83,fhwa_p10.png,10.375,published measured trace,,,
FHWA-HRT-17-060,Christchurch 14-m CFA pile post-blast,,m,kips,110.03062787136294,,,,0.8400000000000001,fhwa_p10.png,10.500000000000002,published measured trace,,,
FHWA-HRT-17-060,Christchurch 14-m CFA pile post-blast,,m,kips,105.01148545176112,,,,0.85,fhwa_p10.png,10.625,published measured trace,,,
FHWA-HRT-17-060,Christchurch 14-m CFA pile post-blast,,m,kips,100.96630934150096,,,,0.8599999999999999,fhwa_p10.png,10.749999999999998,published measured trace,,,
FHWA-HRT-17-060,Christchurch 14-m CFA pile post-blast,,m,kips,99.23430321592649,,,,0.8699999999999999,fhwa_p10.png,10.874999999999998,published measured trace,,,
FHWA-HRT-17-060,Christchurch 14-m CFA pile post-blast,,m,kips,94.54823889739671,,,,0.8799999999999999,fhwa_p10.png,10.999999999999998,published measured trace,,,
FHWA-HRT-17-060,Christchurch 14-m CFA pile post-blast,,m,kips,92.36830015313939,,,,0.8899999999999999,fhwa_p10.png,11.124999999999998,published measured trace,,,
FHWA-HRT-17-060,Christchurch 14-m CFA pile post-blast,,m,kips,87.79479326186825,,,,0.9,fhwa_p10.png,11.25,published measured trace,,,
FHWA-HRT-17-060,Christchurch 14-m CFA pile post-blast,,m,kips,84.07350689127105,,,,0.91,fhwa_p10.png,11.375,published measured trace,,,
FHWA-HRT-17-060,Christchurch 14-m CFA pile post-blast,,m,kips,82.23583460949465,,,,0.92,fhwa_p10.png,11.5,published measured trace,,,
FHWA-HRT-17-060,Christchurch 14-m CFA pile post-blast,,m,kips,77.87136294027565,,,,0.93,fhwa_p10.png,11.625,published measured trace,,,
FHWA-HRT-17-060,Christchurch 14-m CFA pile post-blast,,m,kips,74.9127105666156,,,,0.9400000000000001,fhwa_p10.png,11.75,published measured trace,,,
FHWA-HRT-17-060,Christchurch 14-m CFA pile post-blast,,m,kips,70.9800918836141,,,,0.9500000000000001,fhwa_p10.png,11.875,published measured trace,,,
FHWA-HRT-17-060,Christchurch 14-m CFA pile post-blast,,m,kips,67.10260336906583,,,,0.9600000000000001,fhwa_p10.png,12.000000000000002,published measured trace,,,
FHWA-HRT-17-060,Christchurch 14-m CFA pile post-blast,,m,kips,64.77794793261869,,,,0.97,fhwa_p10.png,12.125,published measured trace,,,
FHWA-HRT-17-060,Christchurch 14-m CFA pile post-blast,,m,kips,60.20673813169982,,,,0.98,fhwa_p10.png,12.25,published measured trace,,,
FHWA-HRT-17-060,Christchurch 14-m CFA pile post-blast,,m,kips,57.43644716692189,,,,0.99,fhwa_p10.png,12.375,published measured trace,,,
FHWA-HRT-17-060,Christchurch 14-m CFA pile post-blast,,m,kips,54.21133231240429,,,,1.0,fhwa_p10.png,12.5,published measured trace,,,
Stringer (2012) Cambridge thesis,"MS09 bored pile, Leg 1, 2500 s after shaking",0.0,m,kN,320.32916684563946,,,,0.0,cam_p200.png,,,black,8.183263731263333,372.0
Stringer (2012) Cambridge thesis,"MS09 bored pile, Leg 1, 2500 s after shaking",2.2,m,kN,310.1382925138517,,,,0.2558139534883721,cam_p200.png,,,black,7.465043356102548,534.0
Stringer (2012) Cambridge thesis,"MS09 bored pile, Leg 1, 2500 s after shaking",4.5,m,kN,316.46204473330715,,,,0.5232558139534884,cam_p200.png,,,black,6.866530153749075,454.0
Stringer (2012) Cambridge thesis,"MS09 bored pile, Leg 1, 2500 s after shaking",6.7,m,kN,323.3379245363267,,,,0.7790697674418605,cam_p200.png,,,black,7.730432591039154,407.0
Stringer (2012) Cambridge thesis,"MS09 bored pile, Leg 1, 2500 s after shaking",8.6,m,kN,358.4416180724551,,,,1.0,cam_p200.png,,,black,6.737255110275063,464.0
