test,event,pile,smoothed,eta,sampling_cap,phase,lower_s,upper_s,snapshots,max_nearest_offset_s,source_overlap_rows_removed
SKS02,EQM_1,1,0,0.25,120,shaking,1.214948242210276,14.977792490080045,120,0.00402857142857127,1
SKS02,EQM_1,1,0,0.25,240,shaking,1.214948242210276,14.977792490080045,240,0.00414225941422508,1
SKS02,EQM_1,1,0,0.5,120,shaking,1.214948242210276,14.977792490080045,120,0.00402857142857127,1
SKS02,EQM_1,1,0,0.5,240,shaking,1.214948242210276,14.977792490080045,240,0.00414225941422508,1
SKS02,EQM_1,1,0,0.75,120,shaking,1.214948242210276,14.977792490080045,120,0.00402857142857127,1
SKS02,EQM_1,1,0,0.75,240,shaking,1.214948242210276,14.977792490080045,240,0.00414225941422508,1
SKS02,EQM_1,1,1,0.25,120,shaking,4.214948242210276,11.977792490080045,120,0.004038655462184515,1
SKS02,EQM_1,1,1,0.25,240,shaking,4.214948242210276,11.977792490080045,240,0.004142259414225968,1
SKS02,EQM_1,1,1,0.5,120,shaking,4.214948242210276,11.977792490080045,120,0.004038655462184515,1
SKS02,EQM_1,1,1,0.5,240,shaking,4.214948242210276,11.977792490080045,240,0.004142259414225968,1
SKS02,EQM_1,1,1,0.75,120,shaking,4.214948242210276,11.977792490080045,120,0.004038655462184515,1
SKS02,EQM_1,1,1,0.75,240,shaking,4.214948242210276,11.977792490080045,240,0.004142259414225968,1
SKS02,EQM_1,2,0,0.25,120,shaking,1.214948242210276,14.977792490080045,120,0.00402857142857127,1
SKS02,EQM_1,2,0,0.25,240,shaking,1.214948242210276,14.977792490080045,240,0.00414225941422508,1
SKS02,EQM_1,2,0,0.5,120,shaking,1.214948242210276,14.977792490080045,120,0.00402857142857127,1
SKS02,EQM_1,2,0,0.5,240,shaking,1.214948242210276,14.977792490080045,240,0.00414225941422508,1
SKS02,EQM_1,2,0,0.75,120,shaking,1.214948242210276,14.977792490080045,120,0.00402857142857127,1
SKS02,EQM_1,2,0,0.75,240,shaking,1.214948242210276,14.977792490080045,240,0.00414225941422508,1
SKS02,EQM_1,2,1,0.25,120,shaking,2.714948242210276,13.477792490080045,120,0.004164705882354625,1
SKS02,EQM_1,2,1,0.25,240,shaking,2.714948242210276,13.477792490080045,240,0.004182426778243098,1
SKS02,EQM_1,2,1,0.5,120,shaking,2.714948242210276,13.477792490080045,120,0.004164705882354625,1
SKS02,EQM_1,2,1,0.5,240,shaking,2.714948242210276,13.477792490080045,240,0.004182426778243098,1
SKS02,EQM_1,2,1,0.75,120,shaking,2.714948242210276,13.477792490080045,120,0.004164705882354625,1
SKS02,EQM_1,2,1,0.75,240,shaking,2.714948242210276,13.477792490080045,240,0.004182426778243098,1
SKS02,EQM_2,1,0,0.25,120,shaking,2.721187645270318,13.387322285084164,120,0.004164705882353736,1
SKS02,EQM_2,1,0,0.25,120,before_decay,13.387322285084164,3331.9692,119,15.891206722688821,1
SKS02,EQM_2,1,0,0.25,120,after_decay,3331.9692,43173.141,120,19.995650420169113,1
SKS02,EQM_2,1,0,0.25,240,shaking,2.721187645270318,13.387322285084164,240,0.004182426778243098,1
SKS02,EQM_2,1,0,0.25,240,before_decay,13.387322285084164,3331.9692,237,15.657841004183865,1
SKS02,EQM_2,1,0,0.25,240,after_decay,3331.9692,43173.141,240,19.97980920502596,1
SKS02,EQM_2,1,0,0.5,120,shaking,2.721187645270318,13.387322285084164,120,0.004164705882353736,1
SKS02,EQM_2,1,0,0.5,120,before_decay,13.387322285084164,692.376,120,0.004099159663894625,1
SKS02,EQM_2,1,0,0.5,120,after_decay,692.376,43173.141,120,19.89358991597328,1
SKS02,EQM_2,1,0,0.5,240,shaking,2.721187645270318,13.387322285084164,240,0.004182426778243098,1
SKS02,EQM_2,1,0,0.5,240,before_decay,13.387322285084164,692.376,240,0.004149790795054287,1
SKS02,EQM_2,1,0,0.5,240,after_decay,692.376,43173.141,240,19.86464937238634,1
SKS02,EQM_2,1,0,0.75,120,shaking,2.721187645270318,13.387322285084164,120,0.004164705882353736,1
SKS02,EQM_2,1,0,0.75,120,before_decay,13.387322285084164,206.4078,120,0.004184873949583334,1
SKS02,EQM_2,1,0,0.75,120,after_decay,206.4078,43173.141,120,19.921487394960423,1
SKS02,EQM_2,1,0,0.75,240,shaking,2.721187645270318,13.387322285084164,240,0.004182426778243098,1
SKS02,EQM_2,1,0,0.75,240,before_decay,13.387322285084164,206.4078,240,0.004174895397490275,1
SKS02,EQM_2,1,0,0.75,240,after_decay,206.4078,43173.141,240,20.074719665270095,1
SKS02,EQM_2,1,1,0.25,120,shaking,5.721187645270318,10.387322285084164,120,0.004164705882353736,1
SKS02,EQM_2,1,1,0.25,120,before_decay,16.387322285084164,3328.9692,120,12.355759663865229,1
SKS02,EQM_2,1,1,0.25,120,after_decay,3334.9692,43173.141,120,19.77182521008217,1
SKS02,EQM_2,1,1,0.25,240,shaking,5.721187645270318,10.387322285084164,240,0.004182426778243098,1
SKS02,EQM_2,1,1,0.25,240,before_decay,16.387322285084164,3328.9692,239,13.70583263598337,1
SKS02,EQM_2,1,1,0.25,240,after_decay,3334.9692,43173.141,240,19.963619246864255,1
SKS02,EQM_2,1,1,0.5,120,shaking,5.721187645270318,10.387322285084164,120,0.004164705882353736,1
SKS02,EQM_2,1,1,0.5,120,before_decay,16.387322285084164,689.376,120,0.004099159663951468,1
SKS02,EQM_2,1,1,0.5,120,after_decay,695.376,43173.141,120,19.83179495798322,1
SKS02,EQM_2,1,1,0.5,240,shaking,5.721187645270318,10.387322285084164,240,0.004182426778243098,1
SKS02,EQM_2,1,1,0.5,240,before_decay,16.387322285084164,689.376,240,0.00414979079511113,1
SKS02,EQM_2,1,1,0.5,240,after_decay,695.376,43173.141,240,19.976128870290268,1
SKS02,EQM_2,1,1,0.75,120,shaking,5.721187645270318,10.387322285084164,120,0.004164705882353736,1
SKS02,EQM_2,1,1,0.75,120,before_decay,16.387322285084164,203.4078,120,0.00416974789914093,1
SKS02,EQM_2,1,1,0.75,120,after_decay,209.4078,43173.141,120,20.037554621848358,1
SKS02,EQM_2,1,1,0.75,240,shaking,5.721187645270318,10.387322285084164,240,0.004182426778243098,1
SKS02,EQM_2,1,1,0.75,240,before_decay,16.387322285084164,203.4078,240,0.004152301255231805,1
SKS02,EQM_2,1,1,0.75,240,after_decay,209.4078,43173.141,240,19.94166778242652,1
SKS02,EQM_2,2,0,0.25,120,shaking,2.721187645270318,13.387322285084164,120,0.004164705882353736,1
SKS02,EQM_2,2,0,0.25,120,before_decay,13.387322285084164,3331.9692,119,15.891206722688821,1
SKS02,EQM_2,2,0,0.25,120,after_decay,3331.9692,43173.141,120,19.995650420169113,1
SKS02,EQM_2,2,0,0.25,240,shaking,2.721187645270318,13.387322285084164,240,0.004182426778243098,1
SKS02,EQM_2,2,0,0.25,240,before_decay,13.387322285084164,3331.9692,237,15.657841004183865,1
SKS02,EQM_2,2,0,0.25,240,after_decay,3331.9692,43173.141,240,19.97980920502596,1
SKS02,EQM_2,2,0,0.5,120,shaking,2.721187645270318,13.387322285084164,120,0.004164705882353736,1
SKS02,EQM_2,2,0,0.5,120,before_decay,13.387322285084164,692.376,120,0.004099159663894625,1
SKS02,EQM_2,2,0,0.5,120,after_decay,692.376,43173.141,120,19.89358991597328,1
SKS02,EQM_2,2,0,0.5,240,shaking,2.721187645270318,13.387322285084164,240,0.004182426778243098,1
SKS02,EQM_2,2,0,0.5,240,before_decay,13.387322285084164,692.376,240,0.004149790795054287,1
SKS02,EQM_2,2,0,0.5,240,after_decay,692.376,43173.141,240,19.86464937238634,1
SKS02,EQM_2,2,0,0.75,120,shaking,2.721187645270318,13.387322285084164,120,0.004164705882353736,1
SKS02,EQM_2,2,0,0.75,120,before_decay,13.387322285084164,206.4078,120,0.004184873949583334,1
SKS02,EQM_2,2,0,0.75,120,after_decay,206.4078,43173.141,120,19.921487394960423,1
SKS02,EQM_2,2,0,0.75,240,shaking,2.721187645270318,13.387322285084164,240,0.004182426778243098,1
SKS02,EQM_2,2,0,0.75,240,before_decay,13.387322285084164,206.4078,240,0.004174895397490275,1
SKS02,EQM_2,2,0,0.75,240,after_decay,206.4078,43173.141,240,20.074719665270095,1
SKS02,EQM_2,2,1,0.25,120,shaking,4.221187645270318,11.887322285084164,120,0.004099159663866203,1
SKS02,EQM_2,2,1,0.25,120,before_decay,14.887322285084164,3330.4692,120,12.343119327731074,1
SKS02,EQM_2,2,1,0.25,120,after_decay,3333.4692,43173.141,120,19.77182521008217,1
SKS02,EQM_2,2,1,0.25,240,shaking,4.221187645270318,11.887322285084164,240,0.00414979079497968,1
SKS02,EQM_2,2,1,0.25,240,before_decay,14.887322285084164,3330.4692,239,13.712126359832837,1
SKS02,EQM_2,2,1,0.25,240,after_decay,3333.4692,43173.141,240,19.963619246864255,1
SKS02,EQM_2,2,1,0.5,120,shaking,4.221187645270318,11.887322285084164,120,0.004099159663866203,1
SKS02,EQM_2,2,1,0.5,120,before_decay,14.887322285084164,690.876,120,0.004164705882431008,1
SKS02,EQM_2,2,1,0.5,120,after_decay,693.876,43173.141,120,19.79700504201901,1
SKS02,EQM_2,2,1,0.5,240,shaking,4.221187645270318,11.887322285084164,240,0.00414979079497968,1
SKS02,EQM_2,2,1,0.5,240,before_decay,14.887322285084164,690.876,240,0.004182426778243098,1
SKS02,EQM_2,2,1,0.5,240,after_decay,693.876,43173.141,240,19.92073305439044,1
SKS02,EQM_2,2,1,0.75,120,shaking,4.221187645270318,11.887322285084164,120,0.004099159663866203,1
SKS02,EQM_2,2,1,0.75,120,before_decay,14.887322285084164,204.9078,120,0.004094117647071016,1
SKS02,EQM_2,2,1,0.75,120,after_decay,207.9078,43173.141,120,19.876946218479134,1
SKS02,EQM_2,2,1,0.75,240,shaking,4.221187645270318,11.887322285084164,240,0.00414979079497968,1
SKS02,EQM_2,2,1,0.75,240,before_decay,14.887322285084164,204.9078,240,0.0041974895397345335,1
SKS02,EQM_2,2,1,0.75,240,after_decay,207.9078,43173.141,240,19.991580753136077,1
SKS02,EQM_3,1,0,0.25,120,shaking,2.0209635831406447,12.111224113822392,120,0.004164705882354625,1
SKS02,EQM_3,1,0,0.25,120,before_decay,12.111224113822392,1615.6560000000002,120,0.004194957983258973,1
SKS02,EQM_3,1,0,0.25,120,after_decay,1615.6560000000002,43152.825,120,19.861749579831667,1
SKS02,EQM_3,1,0,0.25,240,shaking,2.0209635831406447,12.111224113822392,240,0.004182426778242654,1
SKS02,EQM_3,1,0,0.25,240,before_decay,12.111224113822392,1615.6560000000002,240,0.004182426778243098,1
SKS02,EQM_3,1,0,0.25,240,after_decay,1615.6560000000002,43152.825,240,19.760123849372576,1
SKS02,EQM_3,1,0,0.5,120,shaking,2.0209635831406447,12.111224113822392,120,0.004164705882354625,1
SKS02,EQM_3,1,0,0.5,120,before_decay,12.111224113822392,552.2081999999999,120,0.004164705882317321,1
SKS02,EQM_3,1,0,0.5,120,after_decay,552.2081999999999,43152.825,120,19.950105882355274,1
SKS02,EQM_3,1,0,0.5,240,shaking,2.0209635831406447,12.111224113822392,240,0.004182426778242654,1
SKS02,EQM_3,1,0,0.5,240,before_decay,12.111224113822392,552.2081999999999,240,0.004182426778072568,1
SKS02,EQM_3,1,0,0.5,240,after_decay,552.2081999999999,43152.825,240,19.960252719665732,1
SKS02,EQM_3,1,0,0.75,120,shaking,2.0209635831406447,12.111224113822392,120,0.004164705882354625,1
SKS02,EQM_3,1,0,0.75,120,before_decay,12.111224113822392,81.408,120,0.0038823529411757818,1
SKS02,EQM_3,1,0,0.75,120,after_decay,81.408,43152.825,120,19.917902521010546,1
SKS02,EQM_3,1,0,0.75,240,shaking,2.0209635831406447,12.111224113822392,240,0.004182426778242654,1
SKS02,EQM_3,1,0,0.75,240,before_decay,12.111224113822392,81.408,240,0.004159832635984628,1
SKS02,EQM_3,1,0,0.75,240,after_decay,81.408,43152.825,240,19.941266108784475,1
SKS02,EQM_3,1,1,0.25,120,shaking,5.020963583140645,9.111224113822392,120,0.0034285714285724467,1
SKS02,EQM_3,1,1,0.25,120,before_decay,15.111224113822392,1612.6560000000002,120,0.004194957983173708,1
SKS02,EQM_3,1,1,0.25,120,after_decay,1618.6560000000002,43152.825,120,19.89490588235276,1
SKS02,EQM_3,1,1,0.25,240,shaking,5.020963583140645,9.111224113822392,240,0.004182426778243098,1
SKS02,EQM_3,1,1,0.25,240,before_decay,15.111224113822392,1612.6560000000002,240,0.004142259414265936,1
SKS02,EQM_3,1,1,0.25,240,after_decay,1618.6560000000002,43152.825,240,20.015869456074142,1
SKS02,EQM_3,1,1,0.5,120,shaking,5.020963583140645,9.111224113822392,120,0.0034285714285724467,1
SKS02,EQM_3,1,1,0.5,120,before_decay,15.111224113822392,549.2081999999999,120,0.003867226890747588,1
SKS02,EQM_3,1,1,0.5,120,after_decay,555.2081999999999,43152.825,120,19.899242016806966,1
SKS02,EQM_3,1,1,0.5,240,shaking,5.020963583140645,9.111224113822392,240,0.004182426778243098,1
SKS02,EQM_3,1,1,0.5,240,before_decay,15.111224113822392,549.2081999999999,240,0.004157322175785794,1
SKS02,EQM_3,1,1,0.5,240,after_decay,555.2081999999999,43152.825,240,19.847221757321677,1
SKS02,EQM_3,1,1,0.75,120,shaking,5.020963583140645,9.111224113822392,120,0.0034285714285724467,1
SKS02,EQM_3,1,1,0.75,120,before_decay,15.111224113822392,78.408,120,0.004099159663859098,1
SKS02,EQM_3,1,1,0.75,120,after_decay,84.408,43152.825,120,19.492835294118777,1
SKS02,EQM_3,1,1,0.75,240,shaking,5.020963583140645,9.111224113822392,240,0.004182426778243098,1
SKS02,EQM_3,1,1,0.75,240,before_decay,15.111224113822392,78.408,240,0.00414728033473466,1
SKS02,EQM_3,1,1,0.75,240,after_decay,84.408,43152.825,240,19.961477824264875,1
SKS02,EQM_3,2,0,0.25,120,shaking,2.0209635831406447,12.111224113822392,120,0.004164705882354625,1
SKS02,EQM_3,2,0,0.25,120,before_decay,12.111224113822392,1615.6560000000002,120,0.004194957983258973,1
SKS02,EQM_3,2,0,0.25,120,after_decay,1615.6560000000002,43152.825,120,19.861749579831667,1
SKS02,EQM_3,2,0,0.25,240,shaking,2.0209635831406447,12.111224113822392,240,0.004182426778242654,1
SKS02,EQM_3,2,0,0.25,240,before_decay,12.111224113822392,1615.6560000000002,240,0.004182426778243098,1
SKS02,EQM_3,2,0,0.25,240,after_decay,1615.6560000000002,43152.825,240,19.760123849372576,1
SKS02,EQM_3,2,0,0.5,120,shaking,2.0209635831406447,12.111224113822392,120,0.004164705882354625,1
SKS02,EQM_3,2,0,0.5,120,before_decay,12.111224113822392,552.2081999999999,120,0.004164705882317321,1
SKS02,EQM_3,2,0,0.5,120,after_decay,552.2081999999999,43152.825,120,19.950105882355274,1
SKS02,EQM_3,2,0,0.5,240,shaking,2.0209635831406447,12.111224113822392,240,0.004182426778242654,1
SKS02,EQM_3,2,0,0.5,240,before_decay,12.111224113822392,552.2081999999999,240,0.004182426778072568,1
SKS02,EQM_3,2,0,0.5,240,after_decay,552.2081999999999,43152.825,240,19.960252719665732,1
SKS02,EQM_3,2,0,0.75,120,shaking,2.0209635831406447,12.111224113822392,120,0.004164705882354625,1
SKS02,EQM_3,2,0,0.75,120,before_decay,12.111224113822392,81.408,120,0.0038823529411757818,1
SKS02,EQM_3,2,0,0.75,120,after_decay,81.408,43152.825,120,19.917902521010546,1
SKS02,EQM_3,2,0,0.75,240,shaking,2.0209635831406447,12.111224113822392,240,0.004182426778242654,1
SKS02,EQM_3,2,0,0.75,240,before_decay,12.111224113822392,81.408,240,0.004159832635984628,1
SKS02,EQM_3,2,0,0.75,240,after_decay,81.408,43152.825,240,19.941266108784475,1
SKS02,EQM_3,2,1,0.25,120,shaking,3.5209635831406447,10.611224113822392,120,0.004099159663866203,1
SKS02,EQM_3,2,1,0.25,120,before_decay,13.611224113822392,1614.1560000000002,120,0.004164705882431008,1
SKS02,EQM_3,2,1,0.25,120,after_decay,1617.1560000000002,43152.825,120,19.786199999998644,1
SKS02,EQM_3,2,1,0.25,240,shaking,3.5209635831406447,10.611224113822392,240,0.0041497907949787916,1
SKS02,EQM_3,2,1,0.25,240,before_decay,13.611224113822392,1614.1560000000002,240,0.004182426778299941,1
SKS02,EQM_3,2,1,0.25,240,after_decay,1617.1560000000002,43152.825,240,19.9464426778286,1
SKS02,EQM_3,2,1,0.5,120,shaking,3.5209635831406447,10.611224113822392,120,0.004099159663866203,1
SKS02,EQM_3,2,1,0.5,120,before_decay,13.611224113822392,550.7081999999999,120,0.004129411764736801,1
SKS02,EQM_3,2,1,0.5,120,after_decay,553.7081999999999,43152.825,120,19.71335294117671,1
SKS02,EQM_3,2,1,0.5,240,shaking,3.5209635831406447,10.611224113822392,240,0.0041497907949787916,1
SKS02,EQM_3,2,1,0.5,240,before_decay,13.611224113822392,550.7081999999999,240,0.004194979079443328,1
SKS02,EQM_3,2,1,0.5,240,after_decay,553.7081999999999,43152.825,240,20.031509623426246,1
SKS02,EQM_3,2,1,0.75,120,shaking,3.5209635831406447,10.611224113822392,120,0.004099159663866203,1
SKS02,EQM_3,2,1,0.75,120,before_decay,13.611224113822392,79.908,120,0.004164705882338637,1
SKS02,EQM_3,2,1,0.75,120,after_decay,82.908,43152.825,120,19.841097478994925,1
SKS02,EQM_3,2,1,0.75,240,shaking,3.5209635831406447,10.611224113822392,240,0.0041497907949787916,1
SKS02,EQM_3,2,1,0.75,240,before_decay,13.611224113822392,79.908,240,0.004182426778243098,1
SKS02,EQM_3,2,1,0.75,240,after_decay,82.908,43152.825,240,19.997736401677685,1
SKS02,EQM_4,1,0,0.25,120,shaking,2.5307524161660755,13.185691277081746,120,0.0041949579831950246,1
SKS02,EQM_4,1,0,0.25,120,before_decay,13.185691277081746,3241.2203999999997,86,19.859420168067118,1
SKS02,EQM_4,1,0,0.25,120,after_decay,3241.2203999999997,43162.4214,120,19.883299159664602,1
SKS02,EQM_4,1,0,0.25,240,shaking,2.5307524161660755,13.185691277081746,240,0.004177405857744176,1
SKS02,EQM_4,1,0,0.25,240,before_decay,13.185691277081746,3241.2203999999997,97,19.837536401673447,1
SKS02,EQM_4,1,0,0.25,240,after_decay,3241.2203999999997,43162.4214,240,19.96478912133898,1
SKS02,EQM_4,1,0,0.5,120,shaking,2.5307524161660755,13.185691277081746,120,0.0041949579831950246,1
SKS02,EQM_4,1,0,0.5,120,before_decay,13.185691277081746,1961.6208000000001,61,19.94437310924377,1
SKS02,EQM_4,1,0,0.5,120,after_decay,1961.6208000000001,43162.4214,120,19.904319327728444,1
SKS02,EQM_4,1,0,0.5,240,shaking,2.5307524161660755,13.185691277081746,240,0.004177405857744176,1
SKS02,EQM_4,1,0,0.5,240,before_decay,13.185691277081746,1961.6208000000001,80,19.86257573221758,1
SKS02,EQM_4,1,0,0.5,240,after_decay,1961.6208000000001,43162.4214,240,19.998027615059982,1
SKS02,EQM_4,1,0,0.75,120,shaking,2.5307524161660755,13.185691277081746,120,0.0041949579831950246,1
SKS02,EQM_4,1,0,0.75,120,before_decay,13.185691277081746,1201.2204000000002,54,19.966860504201804,1
SKS02,EQM_4,1,0,0.75,120,after_decay,1201.2204000000002,43162.4214,120,19.856984873946203,1
SKS02,EQM_4,1,0,0.75,240,shaking,2.5307524161660755,13.185691277081746,240,0.004177405857744176,1
SKS02,EQM_4,1,0,0.75,240,before_decay,13.185691277081746,1201.2204000000002,85,19.914466945606648,1
SKS02,EQM_4,1,0,0.75,240,after_decay,1201.2204000000002,43162.4214,240,19.949292050208896,1
SKS02,EQM_4,1,1,0.25,120,shaking,5.5307524161660755,10.185691277081746,120,0.00406386554621907,1
SKS02,EQM_4,1,1,0.25,120,before_decay,16.185691277081744,3238.2203999999997,85,20.07095294117653,1
SKS02,EQM_4,1,1,0.25,120,after_decay,3244.2203999999997,43162.4214,120,19.918331092438166,1
SKS02,EQM_4,1,1,0.25,240,shaking,5.5307524161660755,10.185691277081746,240,0.004187447698745572,1
SKS02,EQM_4,1,1,0.25,240,before_decay,16.185691277081744,3238.2203999999997,96,14.924447698744814,1
SKS02,EQM_4,1,1,0.25,240,after_decay,3244.2203999999997,43162.4214,240,20.055461924683186,1
SKS02,EQM_4,1,1,0.5,120,shaking,5.5307524161660755,10.185691277081746,120,0.00406386554621907,1
SKS02,EQM_4,1,1,0.5,120,before_decay,16.185691277081744,1958.6208000000001,61,16.69010924369752,1
SKS02,EQM_4,1,1,0.5,120,after_decay,1964.6208000000001,43162.4214,120,19.327512605042102,1
SKS02,EQM_4,1,1,0.5,240,shaking,5.5307524161660755,10.185691277081746,240,0.004187447698745572,1
SKS02,EQM_4,1,1,0.5,240,before_decay,16.185691277081744,1958.6208000000001,80,19.947743096234376,1
SKS02,EQM_4,1,1,0.5,240,after_decay,1964.6208000000001,43162.4214,240,19.946909623435204,1
SKS02,EQM_4,1,1,0.75,120,shaking,5.5307524161660755,10.185691277081746,120,0.00406386554621907,1
SKS02,EQM_4,1,1,0.75,120,before_decay,16.185691277081744,1198.2204000000002,54,19.778571428571468,1
SKS02,EQM_4,1,1,0.75,120,after_decay,1204.2204000000002,43162.4214,120,19.86578823529635,1
SKS02,EQM_4,1,1,0.75,240,shaking,5.5307524161660755,10.185691277081746,240,0.004187447698745572,1
SKS02,EQM_4,1,1,0.75,240,before_decay,16.185691277081744,1198.2204000000002,86,19.856834309623537,1
SKS02,EQM_4,1,1,0.75,240,after_decay,1204.2204000000002,43162.4214,240,19.925422594144038,1
SKS02,EQM_4,2,0,0.25,120,shaking,2.5307524161660755,13.185691277081746,120,0.0041949579831950246,1
SKS02,EQM_4,2,0,0.25,120,before_decay,13.185691277081746,3241.2203999999997,86,19.859420168067118,1
SKS02,EQM_4,2,0,0.25,120,after_decay,3241.2203999999997,43162.4214,120,19.883299159664602,1
SKS02,EQM_4,2,0,0.25,240,shaking,2.5307524161660755,13.185691277081746,240,0.004177405857744176,1
SKS02,EQM_4,2,0,0.25,240,before_decay,13.185691277081746,3241.2203999999997,97,19.837536401673447,1
SKS02,EQM_4,2,0,0.25,240,after_decay,3241.2203999999997,43162.4214,240,19.96478912133898,1
SKS02,EQM_4,2,0,0.5,120,shaking,2.5307524161660755,13.185691277081746,120,0.0041949579831950246,1
SKS02,EQM_4,2,0,0.5,120,before_decay,13.185691277081746,1961.6208000000001,61,19.94437310924377,1
SKS02,EQM_4,2,0,0.5,120,after_decay,1961.6208000000001,43162.4214,120,19.904319327728444,1
SKS02,EQM_4,2,0,0.5,240,shaking,2.5307524161660755,13.185691277081746,240,0.004177405857744176,1
SKS02,EQM_4,2,0,0.5,240,before_decay,13.185691277081746,1961.6208000000001,80,19.86257573221758,1
SKS02,EQM_4,2,0,0.5,240,after_decay,1961.6208000000001,43162.4214,240,19.998027615059982,1
SKS02,EQM_4,2,0,0.75,120,shaking,2.5307524161660755,13.185691277081746,120,0.0041949579831950246,1
SKS02,EQM_4,2,0,0.75,120,before_decay,13.185691277081746,1201.2204000000002,54,19.966860504201804,1
SKS02,EQM_4,2,0,0.75,120,after_decay,1201.2204000000002,43162.4214,120,19.856984873946203,1
SKS02,EQM_4,2,0,0.75,240,shaking,2.5307524161660755,13.185691277081746,240,0.004177405857744176,1
SKS02,EQM_4,2,0,0.75,240,before_decay,13.185691277081746,1201.2204000000002,85,19.914466945606648,1
SKS02,EQM_4,2,0,0.75,240,after_decay,1201.2204000000002,43162.4214,240,19.949292050208896,1
SKS02,EQM_4,2,1,0.25,120,shaking,4.0307524161660755,11.685691277081746,120,0.00405882352941056,1
SKS02,EQM_4,2,1,0.25,120,before_decay,14.685691277081746,3239.7203999999997,85,19.79930924369728,1
SKS02,EQM_4,2,1,0.25,120,after_decay,3242.7203999999997,43162.4214,120,19.918331092438166,1
SKS02,EQM_4,2,1,0.25,240,shaking,4.0307524161660755,11.685691277081746,240,0.00039916317991739447,1
SKS02,EQM_4,2,1,0.25,240,before_decay,14.685691277081746,3239.7203999999997,96,13.908168200836826,1
SKS02,EQM_4,2,1,0.25,240,after_decay,3242.7203999999997,43162.4214,240,20.055461924683186,1
SKS02,EQM_4,2,1,0.5,120,shaking,4.0307524161660755,11.685691277081746,120,0.00405882352941056,1
SKS02,EQM_4,2,1,0.5,120,before_decay,14.685691277081746,1960.1208000000001,61,17.903581512605115,1
SKS02,EQM_4,2,1,0.5,120,after_decay,1963.1208000000001,43162.4214,120,19.327512605042102,1
SKS02,EQM_4,2,1,0.5,240,shaking,4.0307524161660755,11.685691277081746,240,0.00039916317991739447,1
SKS02,EQM_4,2,1,0.5,240,before_decay,14.685691277081746,1960.1208000000001,80,19.950185774058582,1
SKS02,EQM_4,2,1,0.5,240,after_decay,1963.1208000000001,43162.4214,240,19.946909623435204,1
SKS02,EQM_4,2,1,0.75,120,shaking,4.0307524161660755,11.685691277081746,120,0.00405882352941056,1
SKS02,EQM_4,2,1,0.75,120,before_decay,14.685691277081746,1199.7204000000002,54,19.88033949579824,1
SKS02,EQM_4,2,1,0.75,120,after_decay,1202.7204000000002,43162.4214,120,19.86578823529635,1
SKS02,EQM_4,2,1,0.75,240,shaking,4.0307524161660755,11.685691277081746,240,0.00039916317991739447,1
SKS02,EQM_4,2,1,0.75,240,before_decay,14.685691277081746,1199.7204000000002,86,19.77260585774053,1
SKS02,EQM_4,2,1,0.75,240,after_decay,1202.7204000000002,43162.4214,240,19.925422594144038,1
SKS02,EQM_5,1,0,0.25,120,shaking,4.514051337377206,14.93633132139194,120,0.004164705882354625,1
SKS02,EQM_5,1,0,0.25,120,before_decay,14.93633132139194,1681.9109999999998,57,19.795068907562836,1
SKS02,EQM_5,1,0,0.25,120,after_decay,1681.9109999999998,43163.4738,120,17.52639327730867,1
SKS02,EQM_5,1,0,0.25,240,shaking,4.514051337377206,14.93633132139194,240,0.004182426778241322,1
SKS02,EQM_5,1,0,0.25,240,before_decay,14.93633132139194,1681.9109999999998,80,19.91501422594149,1
SKS02,EQM_5,1,0,0.25,240,after_decay,1681.9109999999998,43163.4738,240,19.964952301255835,1
SKS02,EQM_5,1,0,0.5,120,shaking,4.514051337377206,14.93633132139194,120,0.004164705882354625,1
SKS02,EQM_5,1,0,0.5,120,before_decay,14.93633132139194,681.8718,65,19.888759663865585,1
SKS02,EQM_5,1,0,0.5,120,after_decay,681.8718,43163.4738,120,19.928319327729696,1
SKS02,EQM_5,1,0,0.5,240,shaking,4.514051337377206,14.93633132139194,240,0.004182426778241322,1
SKS02,EQM_5,1,0,0.5,240,before_decay,14.93633132139194,681.8718,120,19.563602510460214,1
SKS02,EQM_5,1,0,0.5,240,after_decay,681.8718,43163.4738,240,19.9417004184088,1
SKS02,EQM_5,1,0,0.75,120,shaking,4.514051337377206,14.93633132139194,120,0.004164705882354625,1
SKS02,EQM_5,1,0,0.75,120,before_decay,14.93633132139194,84.552,120,0.004129411764704827,1
SKS02,EQM_5,1,0,0.75,120,after_decay,84.552,43163.4738,120,19.55006218487688,1
SKS02,EQM_5,1,0,0.75,240,shaking,4.514051337377206,14.93633132139194,240,0.004182426778241322,1
SKS02,EQM_5,1,0,0.75,240,before_decay,14.93633132139194,84.552,240,0.004184937238498776,1
SKS02,EQM_5,1,0,0.75,240,after_decay,84.552,43163.4738,240,20.079100418410235,1
SKS02,EQM_5,1,1,0.25,120,shaking,7.514051337377206,11.93633132139194,120,0.004164705882354625,1
SKS02,EQM_5,1,1,0.25,120,before_decay,17.93633132139194,1678.9109999999998,57,19.77068067226901,1
SKS02,EQM_5,1,1,0.25,120,after_decay,1684.9109999999998,43163.4738,120,19.20871260503918,1
SKS02,EQM_5,1,1,0.25,240,shaking,7.514051337377206,11.93633132139194,240,0.004182426778241322,1
SKS02,EQM_5,1,1,0.25,240,before_decay,17.93633132139194,1678.9109999999998,79,19.917135564853538,1
SKS02,EQM_5,1,1,0.25,240,after_decay,1684.9109999999998,43163.4738,240,19.954666945606732,1
SKS02,EQM_5,1,1,0.5,120,shaking,7.514051337377206,11.93633132139194,120,0.004164705882354625,1
SKS02,EQM_5,1,1,0.5,120,before_decay,17.93633132139194,678.8718,67,19.737352941176482,1
SKS02,EQM_5,1,1,0.5,120,after_decay,684.8718,43163.4738,120,19.910929411764755,1
SKS02,EQM_5,1,1,0.5,240,shaking,7.514051337377206,11.93633132139194,240,0.004182426778241322,1
SKS02,EQM_5,1,1,0.5,240,before_decay,17.93633132139194,678.8718,126,19.953366527196636,1
SKS02,EQM_5,1,1,0.5,240,after_decay,684.8718,43163.4738,240,19.90770627614984,1
SKS02,EQM_5,1,1,0.75,120,shaking,7.514051337377206,11.93633132139194,120,0.004164705882354625,1
SKS02,EQM_5,1,1,0.75,120,before_decay,17.93633132139194,81.552,120,0.004089075630254513,1
SKS02,EQM_5,1,1,0.75,120,after_decay,87.552,43163.4738,120,19.808657142857555,1
SKS02,EQM_5,1,1,0.75,240,shaking,7.514051337377206,11.93633132139194,240,0.004182426778241322,1
SKS02,EQM_5,1,1,0.75,240,before_decay,17.93633132139194,81.552,240,0.004159832635977523,1
SKS02,EQM_5,1,1,0.75,240,after_decay,87.552,43163.4738,240,19.90198242677434,1
SKS02,EQM_5,2,0,0.25,120,shaking,4.514051337377206,14.93633132139194,120,0.004164705882354625,1
SKS02,EQM_5,2,0,0.25,120,before_decay,14.93633132139194,1681.9109999999998,57,19.795068907562836,1
SKS02,EQM_5,2,0,0.25,120,after_decay,1681.9109999999998,43163.4738,120,17.52639327730867,1
SKS02,EQM_5,2,0,0.25,240,shaking,4.514051337377206,14.93633132139194,240,0.004182426778241322,1
SKS02,EQM_5,2,0,0.25,240,before_decay,14.93633132139194,1681.9109999999998,80,19.91501422594149,1
SKS02,EQM_5,2,0,0.25,240,after_decay,1681.9109999999998,43163.4738,240,19.964952301255835,1
SKS02,EQM_5,2,0,0.5,120,shaking,4.514051337377206,14.93633132139194,120,0.004164705882354625,1
SKS02,EQM_5,2,0,0.5,120,before_decay,14.93633132139194,681.8718,65,19.888759663865585,1
SKS02,EQM_5,2,0,0.5,120,after_decay,681.8718,43163.4738,120,19.928319327729696,1
SKS02,EQM_5,2,0,0.5,240,shaking,4.514051337377206,14.93633132139194,240,0.004182426778241322,1
SKS02,EQM_5,2,0,0.5,240,before_decay,14.93633132139194,681.8718,120,19.563602510460214,1
SKS02,EQM_5,2,0,0.5,240,after_decay,681.8718,43163.4738,240,19.9417004184088,1
SKS02,EQM_5,2,0,0.75,120,shaking,4.514051337377206,14.93633132139194,120,0.004164705882354625,1
SKS02,EQM_5,2,0,0.75,120,before_decay,14.93633132139194,84.552,120,0.004129411764704827,1
SKS02,EQM_5,2,0,0.75,120,after_decay,84.552,43163.4738,120,19.55006218487688,1
SKS02,EQM_5,2,0,0.75,240,shaking,4.514051337377206,14.93633132139194,240,0.004182426778241322,1
SKS02,EQM_5,2,0,0.75,240,before_decay,14.93633132139194,84.552,240,0.004184937238498776,1
SKS02,EQM_5,2,0,0.75,240,after_decay,84.552,43163.4738,240,20.079100418410235,1
SKS02,EQM_5,2,1,0.25,120,shaking,6.014051337377206,13.43633132139194,120,0.004164705882354625,1
SKS02,EQM_5,2,1,0.25,120,before_decay,16.43633132139194,1680.4109999999998,57,19.60430924369757,1
SKS02,EQM_5,2,1,0.25,120,after_decay,1683.4109999999998,43163.4738,120,19.20871260503918,1
SKS02,EQM_5,2,1,0.25,240,shaking,6.014051337377206,13.43633132139194,240,0.004182426778243098,1
SKS02,EQM_5,2,1,0.25,240,before_decay,16.43633132139194,1680.4109999999998,79,19.907841841004256,1
SKS02,EQM_5,2,1,0.25,240,after_decay,1683.4109999999998,43163.4738,240,19.954666945606732,1
SKS02,EQM_5,2,1,0.5,120,shaking,6.014051337377206,13.43633132139194,120,0.004164705882354625,1
SKS02,EQM_5,2,1,0.5,120,before_decay,16.43633132139194,680.3718,68,19.864749579831937,1
SKS02,EQM_5,2,1,0.5,120,after_decay,683.3718,43163.4738,120,19.910929411764755,1
SKS02,EQM_5,2,1,0.5,240,shaking,6.014051337377206,13.43633132139194,240,0.004182426778243098,1
SKS02,EQM_5,2,1,0.5,240,before_decay,16.43633132139194,680.3718,126,19.83048200836822,1
SKS02,EQM_5,2,1,0.5,240,after_decay,683.3718,43163.4738,240,19.90770627614984,1
SKS02,EQM_5,2,1,0.75,120,shaking,6.014051337377206,13.43633132139194,120,0.004164705882354625,1
SKS02,EQM_5,2,1,0.75,120,before_decay,16.43633132139194,83.052,120,0.004058823529419442,1
SKS02,EQM_5,2,1,0.75,120,after_decay,86.052,43163.4738,120,19.85495294117618,1
SKS02,EQM_5,2,1,0.75,240,shaking,6.014051337377206,13.43633132139194,240,0.004182426778243098,1
SKS02,EQM_5,2,1,0.75,240,before_decay,16.43633132139194,83.052,240,0.003986610878655483,1
SKS02,EQM_5,2,1,0.75,240,after_decay,86.052,43163.4738,240,20.08481171548192,1
SKS02,EQM_6,1,0,0.25,120,shaking,3.5213505404152308,56.27274030729212,120,0.004114285714287291,1
SKS02,EQM_6,1,0,0.25,120,before_decay,56.27274030729212,601.269,66,19.827695798319326,1
SKS02,EQM_6,1,0,0.25,120,after_decay,601.269,43162.5192,120,19.079682352941745,1
SKS02,EQM_6,1,0,0.25,240,shaking,3.5213505404152308,56.27274030729212,240,0.004169874476986024,1
SKS02,EQM_6,1,0,0.25,240,before_decay,56.27274030729212,601.269,125,20.007687866108824,1
SKS02,EQM_6,1,0,0.25,240,after_decay,601.269,43162.5192,240,19.992728033474123,1
SKS02,EQM_6,1,0,0.5,120,shaking,3.5213505404152308,56.27274030729212,120,0.004114285714287291,1
SKS02,EQM_6,1,0,0.5,120,before_decay,56.27274030729212,292.6482,120,0.003801680672211205,1
SKS02,EQM_6,1,0,0.5,120,after_decay,292.6482,43162.5192,120,19.779594957983136,1
SKS02,EQM_6,1,0,0.5,240,shaking,3.5213505404152308,56.27274030729212,240,0.004169874476986024,1
SKS02,EQM_6,1,0,0.5,240,before_decay,56.27274030729212,292.6482,240,0.00415732217572895,1
SKS02,EQM_6,1,0,0.5,240,after_decay,292.6482,43162.5192,240,19.970339748955666,1
SKS02,EQM_6,1,0,0.75,120,shaking,3.5213505404152308,56.27274030729212,120,0.004114285714287291,1
SKS02,EQM_6,1,0,0.75,120,before_decay,56.27274030729212,100.6638,120,0.0038974789916039754,1
SKS02,EQM_6,1,0,0.75,120,after_decay,100.6638,43162.5192,120,19.951321008404193,1
SKS02,EQM_6,1,0,0.75,240,shaking,3.5213505404152308,56.27274030729212,240,0.004169874476986024,1
SKS02,EQM_6,1,0,0.75,240,before_decay,56.27274030729212,100.6638,240,0.004197489539748744,1
SKS02,EQM_6,1,0,0.75,240,after_decay,100.6638,43162.5192,240,19.95979079497556,1
SKS02,EQM_6,1,1,0.25,120,shaking,6.521350540415231,53.27274030729212,120,0.004189915966392732,1
SKS02,EQM_6,1,1,0.25,120,before_decay,59.27274030729212,598.269,70,19.56895462184866,1
SKS02,EQM_6,1,1,0.25,120,after_decay,604.269,43162.5192,120,19.888956302525912,1
SKS02,EQM_6,1,1,0.25,240,shaking,6.521350540415231,53.27274030729212,240,0.004092050209209219,1
SKS02,EQM_6,1,1,0.25,240,before_decay,59.27274030729212,598.269,132,19.443589958159066,1
SKS02,EQM_6,1,1,0.25,240,after_decay,604.269,43162.5192,240,19.949560669454513,1
SKS02,EQM_6,1,1,0.5,120,shaking,6.521350540415231,53.27274030729212,120,0.004189915966392732,1
SKS02,EQM_6,1,1,0.5,120,before_decay,59.27274030729212,289.6482,120,0.004149579831960182,1
SKS02,EQM_6,1,1,0.5,120,after_decay,295.6482,43162.5192,120,19.93737478991534,1
SKS02,EQM_6,1,1,0.5,240,shaking,6.521350540415231,53.27274030729212,240,0.004092050209209219,1
SKS02,EQM_6,1,1,0.5,240,before_decay,59.27274030729212,289.6482,240,0.004154811715480378,1
SKS02,EQM_6,1,1,0.5,240,after_decay,295.6482,43162.5192,240,19.56453640167365,1
SKS02,EQM_6,1,1,0.75,120,shaking,6.521350540415231,53.27274030729212,120,0.004189915966392732,1
SKS02,EQM_6,1,1,0.75,120,before_decay,59.27274030729212,97.6638,120,0.00412941176472259,1
SKS02,EQM_6,1,1,0.75,120,after_decay,103.6638,43162.5192,120,19.886868907567987,1
SKS02,EQM_6,1,1,0.75,240,shaking,6.521350540415231,53.27274030729212,240,0.004092050209209219,1
SKS02,EQM_6,1,1,0.75,240,before_decay,59.27274030729212,97.6638,240,0.004144769874471876,1
SKS02,EQM_6,1,1,0.75,240,after_decay,103.6638,43162.5192,240,19.85421338912056,1
SKS02,EQM_6,2,0,0.25,120,shaking,3.5213505404152308,56.27274030729212,120,0.004114285714287291,1
SKS02,EQM_6,2,0,0.25,120,before_decay,56.27274030729212,601.269,66,19.827695798319326,1
SKS02,EQM_6,2,0,0.25,120,after_decay,601.269,43162.5192,120,19.079682352941745,1
SKS02,EQM_6,2,0,0.25,240,shaking,3.5213505404152308,56.27274030729212,240,0.004169874476986024,1
SKS02,EQM_6,2,0,0.25,240,before_decay,56.27274030729212,601.269,125,20.007687866108824,1
SKS02,EQM_6,2,0,0.25,240,after_decay,601.269,43162.5192,240,19.992728033474123,1
SKS02,EQM_6,2,0,0.5,120,shaking,3.5213505404152308,56.27274030729212,120,0.004114285714287291,1
SKS02,EQM_6,2,0,0.5,120,before_decay,56.27274030729212,292.6482,120,0.003801680672211205,1
SKS02,EQM_6,2,0,0.5,120,after_decay,292.6482,43162.5192,120,19.779594957983136,1
SKS02,EQM_6,2,0,0.5,240,shaking,3.5213505404152308,56.27274030729212,240,0.004169874476986024,1
SKS02,EQM_6,2,0,0.5,240,before_decay,56.27274030729212,292.6482,240,0.00415732217572895,1
SKS02,EQM_6,2,0,0.5,240,after_decay,292.6482,43162.5192,240,19.970339748955666,1
SKS02,EQM_6,2,0,0.75,120,shaking,3.5213505404152308,56.27274030729212,120,0.004114285714287291,1
SKS02,EQM_6,2,0,0.75,120,before_decay,56.27274030729212,100.6638,120,0.0038974789916039754,1
SKS02,EQM_6,2,0,0.75,120,after_decay,100.6638,43162.5192,120,19.951321008404193,1
SKS02,EQM_6,2,0,0.75,240,shaking,3.5213505404152308,56.27274030729212,240,0.004169874476986024,1
SKS02,EQM_6,2,0,0.75,240,before_decay,56.27274030729212,100.6638,240,0.004197489539748744,1
SKS02,EQM_6,2,0,0.75,240,after_decay,100.6638,43162.5192,240,19.95979079497556,1
SKS02,EQM_6,2,1,0.25,120,shaking,5.021350540415231,54.77274030729212,120,0.0041848739495797815,1
SKS02,EQM_6,2,1,0.25,120,before_decay,57.77274030729212,599.769,70,19.96894789915973,1
SKS02,EQM_6,2,1,0.25,120,after_decay,602.769,43162.5192,120,19.888956302525912,1
SKS02,EQM_6,2,1,0.25,240,shaking,5.021350540415231,54.77274030729212,240,0.004139748953978284,1
SKS02,EQM_6,2,1,0.25,240,before_decay,57.77274030729212,599.769,133,19.305620083682015,1
SKS02,EQM_6,2,1,0.25,240,after_decay,602.769,43162.5192,240,19.949560669454513,1
SKS02,EQM_6,2,1,0.5,120,shaking,5.021350540415231,54.77274030729212,120,0.0041848739495797815,1
SKS02,EQM_6,2,1,0.5,120,before_decay,57.77274030729212,291.1482,120,0.004189915966378521,1
SKS02,EQM_6,2,1,0.5,120,after_decay,294.1482,43162.5192,120,19.95982689075754,1
SKS02,EQM_6,2,1,0.5,240,shaking,5.021350540415231,54.77274030729212,240,0.004139748953978284,1
SKS02,EQM_6,2,1,0.5,240,before_decay,57.77274030729212,291.1482,240,0.00419246861926581,1
SKS02,EQM_6,2,1,0.5,240,after_decay,294.1482,43162.5192,240,20.008953138076322,1
SKS02,EQM_6,2,1,0.75,120,shaking,5.021350540415231,54.77274030729212,120,0.0041848739495797815,1
SKS02,EQM_6,2,1,0.75,120,before_decay,57.77274030729212,99.1638,120,0.004053781512610044,1
SKS02,EQM_6,2,1,0.75,120,after_decay,102.1638,43162.5192,120,19.90829747899079,1
SKS02,EQM_6,2,1,0.75,240,shaking,5.021350540415231,54.77274030729212,240,0.004139748953978284,1
SKS02,EQM_6,2,1,0.75,240,before_decay,57.77274030729212,99.1638,240,0.004137238493726159,1
SKS02,EQM_6,2,1,0.75,240,after_decay,102.1638,43162.5192,240,19.972483682005986,1
SKS03,EQM_1,2,0,0.25,120,shaking,5.203853053614355,15.90531250499688,120,0.004139495798316517,2
SKS03,EQM_1,2,0,0.25,120,before_decay,15.90531250499688,564.45,79,19.885119327731104,2
SKS03,EQM_1,2,0,0.25,120,after_decay,564.45,32365.719600000004,120,19.89685210083735,2
SKS03,EQM_1,2,0,0.25,240,shaking,5.203853053614355,15.90531250499688,240,0.004184937238493447,2
SKS03,EQM_1,2,0,0.25,240,before_decay,15.90531250499688,564.45,151,19.957777405857712,2
SKS03,EQM_1,2,0,0.25,240,after_decay,564.45,32365.719600000004,240,19.88037489539738,2
SKS03,EQM_1,2,0,0.5,120,shaking,5.203853053614355,15.90531250499688,120,0.004139495798316517,2
SKS03,EQM_1,2,0,0.5,120,before_decay,15.90531250499688,229.0158,120,0.004094117647071016,2
SKS03,EQM_1,2,0,0.5,120,after_decay,229.0158,32365.719600000004,120,19.908206722684554,2
SKS03,EQM_1,2,0,0.5,240,shaking,5.203853053614355,15.90531250499688,240,0.004184937238493447,2
SKS03,EQM_1,2,0,0.5,240,before_decay,15.90531250499688,229.0158,240,0.004172384937220386,2
SKS03,EQM_1,2,0,0.5,240,after_decay,229.0158,32365.719600000004,240,19.975275313809107,2
SKS03,EQM_1,2,0,0.75,120,shaking,5.203853053614355,15.90531250499688,120,0.004139495798316517,2
SKS03,EQM_1,2,0,0.75,120,before_decay,15.90531250499688,58.9842,120,0.0041042016806684956,2
SKS03,EQM_1,2,0,0.75,120,after_decay,58.9842,32365.719600000004,120,19.838400000000547,2
SKS03,EQM_1,2,0,0.75,240,shaking,5.203853053614355,15.90531250499688,240,0.004184937238493447,2
SKS03,EQM_1,2,0,0.75,240,before_decay,15.90531250499688,58.9842,240,0.0040317991631866335,2
SKS03,EQM_1,2,0,0.75,240,after_decay,58.9842,32365.719600000004,240,20.02012468619239,2
SKS03,EQM_1,2,1,0.25,120,shaking,6.703853053614355,14.40531250499688,120,0.0041546218487393816,2
SKS03,EQM_1,2,1,0.25,120,before_decay,17.40531250499688,562.95,83,19.764811764705826,2
SKS03,EQM_1,2,1,0.25,120,after_decay,565.95,32365.719600000004,120,20.073569747899455,2
SKS03,EQM_1,2,1,0.25,240,shaking,6.703853053614355,14.40531250499688,240,0.004189958158995921,2
SKS03,EQM_1,2,1,0.25,240,before_decay,17.40531250499688,562.95,161,19.74271882845187,2
SKS03,EQM_1,2,1,0.25,240,after_decay,565.95,32365.719600000004,240,19.989891213390365,2
SKS03,EQM_1,2,1,0.5,120,shaking,6.703853053614355,14.40531250499688,120,0.0041546218487393816,2
SKS03,EQM_1,2,1,0.5,120,before_decay,17.40531250499688,227.5158,120,0.003993277310939902,2
SKS03,EQM_1,2,1,0.5,120,after_decay,230.5158,32365.719600000004,120,19.875458823531517,2
SKS03,EQM_1,2,1,0.5,240,shaking,6.703853053614355,14.40531250499688,240,0.004189958158995921,2
SKS03,EQM_1,2,1,0.5,240,before_decay,17.40531250499688,227.5158,240,0.004127196652717657,2
SKS03,EQM_1,2,1,0.5,240,after_decay,230.5158,32365.719600000004,240,20.04983598325998,2
SKS03,EQM_1,2,1,0.75,120,shaking,6.703853053614355,14.40531250499688,120,0.0041546218487393816,2
SKS03,EQM_1,2,1,0.75,120,before_decay,17.40531250499688,57.4842,120,0.004164705882352848,2
SKS03,EQM_1,2,1,0.75,120,after_decay,60.4842,32365.719600000004,120,19.927563025206837,2
SKS03,EQM_1,2,1,0.75,240,shaking,6.703853053614355,14.40531250499688,240,0.004189958158995921,2
SKS03,EQM_1,2,1,0.75,240,before_decay,17.40531250499688,57.4842,240,0.004179916317994525,2
SKS03,EQM_1,2,1,0.75,240,after_decay,60.4842,32365.719600000004,240,19.941213389121913,2
SKS03,EQM_1,3,0,0.25,120,shaking,5.203853053614355,15.90531250499688,120,0.004139495798316517,2
SKS03,EQM_1,3,0,0.25,120,before_decay,15.90531250499688,564.45,79,19.885119327731104,2
SKS03,EQM_1,3,0,0.25,120,after_decay,564.45,32365.719600000004,120,19.89685210083735,2
SKS03,EQM_1,3,0,0.25,240,shaking,5.203853053614355,15.90531250499688,240,0.004184937238493447,2
SKS03,EQM_1,3,0,0.25,240,before_decay,15.90531250499688,564.45,151,19.957777405857712,2
SKS03,EQM_1,3,0,0.25,240,after_decay,564.45,32365.719600000004,240,19.88037489539738,2
SKS03,EQM_1,3,0,0.5,120,shaking,5.203853053614355,15.90531250499688,120,0.004139495798316517,2
SKS03,EQM_1,3,0,0.5,120,before_decay,15.90531250499688,229.0158,120,0.004094117647071016,2
SKS03,EQM_1,3,0,0.5,120,after_decay,229.0158,32365.719600000004,120,19.908206722684554,2
SKS03,EQM_1,3,0,0.5,240,shaking,5.203853053614355,15.90531250499688,240,0.004184937238493447,2
SKS03,EQM_1,3,0,0.5,240,before_decay,15.90531250499688,229.0158,240,0.004172384937220386,2
SKS03,EQM_1,3,0,0.5,240,after_decay,229.0158,32365.719600000004,240,19.975275313809107,2
SKS03,EQM_1,3,0,0.75,120,shaking,5.203853053614355,15.90531250499688,120,0.004139495798316517,2
SKS03,EQM_1,3,0,0.75,120,before_decay,15.90531250499688,58.9842,120,0.0041042016806684956,2
SKS03,EQM_1,3,0,0.75,120,after_decay,58.9842,32365.719600000004,120,19.838400000000547,2
SKS03,EQM_1,3,0,0.75,240,shaking,5.203853053614355,15.90531250499688,240,0.004184937238493447,2
SKS03,EQM_1,3,0,0.75,240,before_decay,15.90531250499688,58.9842,240,0.0040317991631866335,2
SKS03,EQM_1,3,0,0.75,240,after_decay,58.9842,32365.719600000004,240,20.02012468619239,2
SKS03,EQM_1,3,1,0.25,120,shaking,6.703853053614355,14.40531250499688,120,0.0041546218487393816,2
SKS03,EQM_1,3,1,0.25,120,before_decay,17.40531250499688,562.95,83,19.764811764705826,2
SKS03,EQM_1,3,1,0.25,120,after_decay,565.95,32365.719600000004,120,20.073569747899455,2
SKS03,EQM_1,3,1,0.25,240,shaking,6.703853053614355,14.40531250499688,240,0.004189958158995921,2
SKS03,EQM_1,3,1,0.25,240,before_decay,17.40531250499688,562.95,161,19.74271882845187,2
SKS03,EQM_1,3,1,0.25,240,after_decay,565.95,32365.719600000004,240,19.989891213390365,2
SKS03,EQM_1,3,1,0.5,120,shaking,6.703853053614355,14.40531250499688,120,0.0041546218487393816,2
SKS03,EQM_1,3,1,0.5,120,before_decay,17.40531250499688,227.5158,120,0.003993277310939902,2
SKS03,EQM_1,3,1,0.5,120,after_decay,230.5158,32365.719600000004,120,19.875458823531517,2
SKS03,EQM_1,3,1,0.5,240,shaking,6.703853053614355,14.40531250499688,240,0.004189958158995921,2
SKS03,EQM_1,3,1,0.5,240,before_decay,17.40531250499688,227.5158,240,0.004127196652717657,2
SKS03,EQM_1,3,1,0.5,240,after_decay,230.5158,32365.719600000004,240,20.04983598325998,2
SKS03,EQM_1,3,1,0.75,120,shaking,6.703853053614355,14.40531250499688,120,0.0041546218487393816,2
SKS03,EQM_1,3,1,0.75,120,before_decay,17.40531250499688,57.4842,120,0.004164705882352848,2
SKS03,EQM_1,3,1,0.75,120,after_decay,60.4842,32365.719600000004,120,19.927563025206837,2
SKS03,EQM_1,3,1,0.75,240,shaking,6.703853053614355,14.40531250499688,240,0.004189958158995921,2
SKS03,EQM_1,3,1,0.75,240,before_decay,17.40531250499688,57.4842,240,0.004179916317994525,2
SKS03,EQM_1,3,1,0.75,240,after_decay,60.4842,32365.719600000004,240,19.941213389121913,2
SKS03,EQM_2,2,0,0.25,120,shaking,5.063921755677963,15.767477272668005,120,0.004139495798321846,2
SKS03,EQM_2,2,0,0.25,120,before_decay,15.767477272668005,964.1778,59,18.202391596638677,2
SKS03,EQM_2,2,0,0.25,120,after_decay,964.1778,32364.900600000004,120,19.689675630252168,2
SKS03,EQM_2,2,0,0.25,240,shaking,5.063921755677963,15.767477272668005,240,0.004184937238495223,2
SKS03,EQM_2,2,0,0.25,240,before_decay,15.767477272668005,964.1778,100,20.001728033472773,2
SKS03,EQM_2,2,0,0.25,240,after_decay,964.1778,32364.900600000004,240,19.98528953974892,2
SKS03,EQM_2,2,0,0.5,120,shaking,5.063921755677963,15.767477272668005,120,0.004139495798321846,2
SKS03,EQM_2,2,0,0.5,120,before_decay,15.767477272668005,564.2562,79,19.87967899159662,2
SKS03,EQM_2,2,0,0.5,120,after_decay,564.2562,32364.900600000004,120,19.949788235295273,2
SKS03,EQM_2,2,0,0.5,240,shaking,5.063921755677963,15.767477272668005,240,0.004184937238495223,2
SKS03,EQM_2,2,0,0.5,240,before_decay,15.767477272668005,564.2562,151,19.91211213389124,2
SKS03,EQM_2,2,0,0.5,240,after_decay,564.2562,32364.900600000004,240,19.843340585775877,2
SKS03,EQM_2,2,0,0.75,120,shaking,5.063921755677963,15.767477272668005,120,0.004139495798321846,2
SKS03,EQM_2,2,0,0.75,120,before_decay,15.767477272668005,139.1838,120,0.004063865546214629,2
SKS03,EQM_2,2,0,0.75,120,after_decay,139.1838,32364.900600000004,120,19.854000000002998,2
SKS03,EQM_2,2,0,0.75,240,shaking,5.063921755677963,15.767477272668005,240,0.004184937238495223,2
SKS03,EQM_2,2,0,0.75,240,before_decay,15.767477272668005,139.1838,240,0.004187447698754454,2
SKS03,EQM_2,2,0,0.75,240,after_decay,139.1838,32364.900600000004,240,21.50382175732011,2
SKS03,EQM_2,2,1,0.25,120,shaking,6.563921755677963,14.267477272668005,120,0.003932773109243115,2
SKS03,EQM_2,2,1,0.25,120,before_decay,17.267477272668003,962.6778,59,19.15508571428569,2
SKS03,EQM_2,2,1,0.25,120,after_decay,965.6778,32364.900600000004,120,19.01134285714943,2
SKS03,EQM_2,2,1,0.25,240,shaking,6.563921755677963,14.267477272668005,240,0.004117154811714485,2
SKS03,EQM_2,2,1,0.25,240,before_decay,17.267477272668003,962.6778,103,19.973696234309728,2
SKS03,EQM_2,2,1,0.25,240,after_decay,965.6778,32364.900600000004,240,19.984466108786364,2
SKS03,EQM_2,2,1,0.5,120,shaking,6.563921755677963,14.267477272668005,120,0.003932773109243115,2
SKS03,EQM_2,2,1,0.5,120,before_decay,17.267477272668003,562.7562,83,19.640364705882405,2
SKS03,EQM_2,2,1,0.5,120,after_decay,565.7562,32364.900600000004,120,19.753285714283265,2
SKS03,EQM_2,2,1,0.5,240,shaking,6.563921755677963,14.267477272668005,240,0.004117154811714485,2
SKS03,EQM_2,2,1,0.5,240,before_decay,17.267477272668003,562.7562,161,19.993124686192516,2
SKS03,EQM_2,2,1,0.5,240,after_decay,565.7562,32364.900600000004,240,19.949696234310068,2
SKS03,EQM_2,2,1,0.75,120,shaking,6.563921755677963,14.267477272668005,120,0.003932773109243115,2
SKS03,EQM_2,2,1,0.75,120,before_decay,17.267477272668003,137.6838,120,0.004164705882345743,2
SKS03,EQM_2,2,1,0.75,120,after_decay,140.6838,32364.900600000004,120,19.987875630253257,2
SKS03,EQM_2,2,1,0.75,240,shaking,6.563921755677963,14.267477272668005,240,0.004117154811714485,2
SKS03,EQM_2,2,1,0.75,240,before_decay,17.267477272668003,137.6838,240,0.004182426778243098,2
SKS03,EQM_2,2,1,0.75,240,after_decay,140.6838,32364.900600000004,240,21.428297071131965,2
SKS03,EQM_2,3,0,0.25,120,shaking,5.063921755677963,15.767477272668005,120,0.004139495798321846,2
SKS03,EQM_2,3,0,0.25,120,before_decay,15.767477272668005,964.1778,59,18.202391596638677,2
SKS03,EQM_2,3,0,0.25,120,after_decay,964.1778,32364.900600000004,120,19.689675630252168,2
SKS03,EQM_2,3,0,0.25,240,shaking,5.063921755677963,15.767477272668005,240,0.004184937238495223,2
SKS03,EQM_2,3,0,0.25,240,before_decay,15.767477272668005,964.1778,100,20.001728033472773,2
SKS03,EQM_2,3,0,0.25,240,after_decay,964.1778,32364.900600000004,240,19.98528953974892,2
SKS03,EQM_2,3,0,0.5,120,shaking,5.063921755677963,15.767477272668005,120,0.004139495798321846,2
SKS03,EQM_2,3,0,0.5,120,before_decay,15.767477272668005,564.2562,79,19.87967899159662,2
SKS03,EQM_2,3,0,0.5,120,after_decay,564.2562,32364.900600000004,120,19.949788235295273,2
SKS03,EQM_2,3,0,0.5,240,shaking,5.063921755677963,15.767477272668005,240,0.004184937238495223,2
SKS03,EQM_2,3,0,0.5,240,before_decay,15.767477272668005,564.2562,151,19.91211213389124,2
SKS03,EQM_2,3,0,0.5,240,after_decay,564.2562,32364.900600000004,240,19.843340585775877,2
SKS03,EQM_2,3,0,0.75,120,shaking,5.063921755677963,15.767477272668005,120,0.004139495798321846,2
SKS03,EQM_2,3,0,0.75,120,before_decay,15.767477272668005,139.1838,120,0.004063865546214629,2
SKS03,EQM_2,3,0,0.75,120,after_decay,139.1838,32364.900600000004,120,19.854000000002998,2
SKS03,EQM_2,3,0,0.75,240,shaking,5.063921755677963,15.767477272668005,240,0.004184937238495223,2
SKS03,EQM_2,3,0,0.75,240,before_decay,15.767477272668005,139.1838,240,0.004187447698754454,2
SKS03,EQM_2,3,0,0.75,240,after_decay,139.1838,32364.900600000004,240,21.50382175732011,2
SKS03,EQM_2,3,1,0.25,120,shaking,6.563921755677963,14.267477272668005,120,0.003932773109243115,2
SKS03,EQM_2,3,1,0.25,120,before_decay,17.267477272668003,962.6778,59,19.15508571428569,2
SKS03,EQM_2,3,1,0.25,120,after_decay,965.6778,32364.900600000004,120,19.01134285714943,2
SKS03,EQM_2,3,1,0.25,240,shaking,6.563921755677963,14.267477272668005,240,0.004117154811714485,2
SKS03,EQM_2,3,1,0.25,240,before_decay,17.267477272668003,962.6778,103,19.973696234309728,2
SKS03,EQM_2,3,1,0.25,240,after_decay,965.6778,32364.900600000004,240,19.984466108786364,2
SKS03,EQM_2,3,1,0.5,120,shaking,6.563921755677963,14.267477272668005,120,0.003932773109243115,2
SKS03,EQM_2,3,1,0.5,120,before_decay,17.267477272668003,562.7562,83,19.640364705882405,2
SKS03,EQM_2,3,1,0.5,120,after_decay,565.7562,32364.900600000004,120,19.753285714283265,2
SKS03,EQM_2,3,1,0.5,240,shaking,6.563921755677963,14.267477272668005,240,0.004117154811714485,2
SKS03,EQM_2,3,1,0.5,240,before_decay,17.267477272668003,562.7562,161,19.993124686192516,2
SKS03,EQM_2,3,1,0.5,240,after_decay,565.7562,32364.900600000004,240,19.949696234310068,2
SKS03,EQM_2,3,1,0.75,120,shaking,6.563921755677963,14.267477272668005,120,0.003932773109243115,2
SKS03,EQM_2,3,1,0.75,120,before_decay,17.267477272668003,137.6838,120,0.004164705882345743,2
SKS03,EQM_2,3,1,0.75,120,after_decay,140.6838,32364.900600000004,120,19.987875630253257,2
SKS03,EQM_2,3,1,0.75,240,shaking,6.563921755677963,14.267477272668005,240,0.004117154811714485,2
SKS03,EQM_2,3,1,0.75,240,before_decay,17.267477272668003,137.6838,240,0.004182426778243098,2
SKS03,EQM_2,3,1,0.75,240,after_decay,140.6838,32364.900600000004,240,21.428297071131965,2
SKS03,EQM_3,2,0,0.25,120,shaking,4.6859508968944885,15.405098612788036,120,0.0038823529411757818,2
SKS03,EQM_3,2,0,0.25,120,before_decay,15.405098612788036,1343.4012,55,19.876250420168162,2
SKS03,EQM_3,2,0,0.25,120,after_decay,1343.4012,32344.3968,120,19.86807731092631,2
SKS03,EQM_3,2,0,0.25,240,shaking,4.6859508968944885,15.405098612788036,240,0.004157322175736056,2
SKS03,EQM_3,2,0,0.25,240,before_decay,15.405098612788036,1343.4012,83,19.98377573221751,2
SKS03,EQM_3,2,0,0.25,240,after_decay,1343.4012,32344.3968,240,19.95694895397901,2
SKS03,EQM_3,2,0,0.5,120,shaking,4.6859508968944885,15.405098612788036,120,0.0038823529411757818,2
SKS03,EQM_3,2,0,0.5,120,before_decay,15.405098612788036,823.401,60,19.865999999999985,2
SKS03,EQM_3,2,0,0.5,120,after_decay,823.401,32344.3968,120,20.057823529412417,2
SKS03,EQM_3,2,0,0.5,240,shaking,4.6859508968944885,15.405098612788036,240,0.004157322175736056,2
SKS03,EQM_3,2,0,0.5,240,before_decay,15.405098612788036,823.401,106,19.825250209205024,2
SKS03,EQM_3,2,0,0.5,240,after_decay,823.401,32344.3968,240,19.947625104599865,2
SKS03,EQM_3,2,0,0.75,120,shaking,4.6859508968944885,15.405098612788036,120,0.0038823529411757818,2
SKS03,EQM_3,2,0,0.75,120,before_decay,15.405098612788036,383.4012,103,18.554278991596618,2
SKS03,EQM_3,2,0,0.75,120,after_decay,383.4012,32344.3968,120,17.45247226891115,2
SKS03,EQM_3,2,0,0.75,240,shaking,4.6859508968944885,15.405098612788036,240,0.004157322175736056,2
SKS03,EQM_3,2,0,0.75,240,before_decay,15.405098612788036,383.4012,204,19.983833472803326,2
SKS03,EQM_3,2,0,0.75,240,after_decay,383.4012,32344.3968,240,19.972968200837386,2
SKS03,EQM_3,2,1,0.25,120,shaking,6.1859508968944885,13.905098612788036,120,0.004174789915966315,2
SKS03,EQM_3,2,1,0.25,120,before_decay,16.905098612788038,1341.9012,55,19.679314285714213,2
SKS03,EQM_3,2,1,0.25,120,after_decay,1344.9012,32344.3968,120,20.881784873949528,2
SKS03,EQM_3,2,1,0.25,240,shaking,6.1859508968944885,13.905098612788036,240,0.004187447698744684,2
SKS03,EQM_3,2,1,0.25,240,before_decay,16.905098612788038,1341.9012,83,19.961241841004266,2
SKS03,EQM_3,2,1,0.25,240,after_decay,1344.9012,32344.3968,240,20.05543933053923,2
SKS03,EQM_3,2,1,0.5,120,shaking,6.1859508968944885,13.905098612788036,120,0.004174789915966315,2
SKS03,EQM_3,2,1,0.5,120,before_decay,16.905098612788038,821.901,61,19.906295798319377,2
SKS03,EQM_3,2,1,0.5,120,after_decay,824.901,32344.3968,120,19.835742857143487,2
SKS03,EQM_3,2,1,0.5,240,shaking,6.1859508968944885,13.905098612788036,240,0.004187447698744684,2
SKS03,EQM_3,2,1,0.5,240,before_decay,16.905098612788038,821.901,109,20.00541589958158,2
SKS03,EQM_3,2,1,0.5,240,after_decay,824.901,32344.3968,240,19.976678661088954,2
SKS03,EQM_3,2,1,0.75,120,shaking,6.1859508968944885,13.905098612788036,120,0.004174789915966315,2
SKS03,EQM_3,2,1,0.75,120,before_decay,16.905098612788038,381.9012,114,8.99478655462184,2
SKS03,EQM_3,2,1,0.75,120,after_decay,384.9012,32344.3968,120,19.226914285713974,2
SKS03,EQM_3,2,1,0.75,240,shaking,6.1859508968944885,13.905098612788036,240,0.004187447698744684,2
SKS03,EQM_3,2,1,0.75,240,before_decay,16.905098612788038,381.9012,227,9.562433472803377,2
SKS03,EQM_3,2,1,0.75,240,after_decay,384.9012,32344.3968,240,19.993026778243802,2
SKS03,EQM_3,3,0,0.25,120,shaking,4.6859508968944885,15.405098612788036,120,0.0038823529411757818,2
SKS03,EQM_3,3,0,0.25,120,before_decay,15.405098612788036,1343.4012,55,19.876250420168162,2
SKS03,EQM_3,3,0,0.25,120,after_decay,1343.4012,32344.3968,120,19.86807731092631,2
SKS03,EQM_3,3,0,0.25,240,shaking,4.6859508968944885,15.405098612788036,240,0.004157322175736056,2
SKS03,EQM_3,3,0,0.25,240,before_decay,15.405098612788036,1343.4012,83,19.98377573221751,2
SKS03,EQM_3,3,0,0.25,240,after_decay,1343.4012,32344.3968,240,19.95694895397901,2
SKS03,EQM_3,3,0,0.5,120,shaking,4.6859508968944885,15.405098612788036,120,0.0038823529411757818,2
SKS03,EQM_3,3,0,0.5,120,before_decay,15.405098612788036,823.401,60,19.865999999999985,2
SKS03,EQM_3,3,0,0.5,120,after_decay,823.401,32344.3968,120,20.057823529412417,2
SKS03,EQM_3,3,0,0.5,240,shaking,4.6859508968944885,15.405098612788036,240,0.004157322175736056,2
SKS03,EQM_3,3,0,0.5,240,before_decay,15.405098612788036,823.401,106,19.825250209205024,2
SKS03,EQM_3,3,0,0.5,240,after_decay,823.401,32344.3968,240,19.947625104599865,2
SKS03,EQM_3,3,0,0.75,120,shaking,4.6859508968944885,15.405098612788036,120,0.0038823529411757818,2
SKS03,EQM_3,3,0,0.75,120,before_decay,15.405098612788036,383.4012,103,18.554278991596618,2
SKS03,EQM_3,3,0,0.75,120,after_decay,383.4012,32344.3968,120,17.45247226891115,2
SKS03,EQM_3,3,0,0.75,240,shaking,4.6859508968944885,15.405098612788036,240,0.004157322175736056,2
SKS03,EQM_3,3,0,0.75,240,before_decay,15.405098612788036,383.4012,204,19.983833472803326,2
SKS03,EQM_3,3,0,0.75,240,after_decay,383.4012,32344.3968,240,19.972968200837386,2
SKS03,EQM_3,3,1,0.25,120,shaking,6.1859508968944885,13.905098612788036,120,0.004174789915966315,2
SKS03,EQM_3,3,1,0.25,120,before_decay,16.905098612788038,1341.9012,55,19.679314285714213,2
SKS03,EQM_3,3,1,0.25,120,after_decay,1344.9012,32344.3968,120,20.881784873949528,2
SKS03,EQM_3,3,1,0.25,240,shaking,6.1859508968944885,13.905098612788036,240,0.004187447698744684,2
SKS03,EQM_3,3,1,0.25,240,before_decay,16.905098612788038,1341.9012,83,19.961241841004266,2
SKS03,EQM_3,3,1,0.25,240,after_decay,1344.9012,32344.3968,240,20.05543933053923,2
SKS03,EQM_3,3,1,0.5,120,shaking,6.1859508968944885,13.905098612788036,120,0.004174789915966315,2
SKS03,EQM_3,3,1,0.5,120,before_decay,16.905098612788038,821.901,61,19.906295798319377,2
SKS03,EQM_3,3,1,0.5,120,after_decay,824.901,32344.3968,120,19.835742857143487,2
SKS03,EQM_3,3,1,0.5,240,shaking,6.1859508968944885,13.905098612788036,240,0.004187447698744684,2
SKS03,EQM_3,3,1,0.5,240,before_decay,16.905098612788038,821.901,109,20.00541589958158,2
SKS03,EQM_3,3,1,0.5,240,after_decay,824.901,32344.3968,240,19.976678661088954,2
SKS03,EQM_3,3,1,0.75,120,shaking,6.1859508968944885,13.905098612788036,120,0.004174789915966315,2
SKS03,EQM_3,3,1,0.75,120,before_decay,16.905098612788038,381.9012,114,8.99478655462184,2
SKS03,EQM_3,3,1,0.75,120,after_decay,384.9012,32344.3968,120,19.226914285713974,2
SKS03,EQM_3,3,1,0.75,240,shaking,6.1859508968944885,13.905098612788036,240,0.004187447698744684,2
SKS03,EQM_3,3,1,0.75,240,before_decay,16.905098612788038,381.9012,227,9.562433472803377,2
SKS03,EQM_3,3,1,0.75,240,after_decay,384.9012,32344.3968,240,19.993026778243802,2
SKS03,EQM_4,2,0,0.25,120,shaking,5.414373079475499,60.057111650998,120,0.003932773109248444,2
SKS03,EQM_4,2,0,0.25,120,before_decay,60.057111650998,4144.7483999999995,104,19.938121008403414,2
SKS03,EQM_4,2,0,0.25,120,after_decay,4144.7483999999995,32345.4516,120,19.832727731092746,2
SKS03,EQM_4,2,0,0.25,240,shaking,5.414373079475499,60.057111650998,240,0.004162343096234977,2
SKS03,EQM_4,2,0,0.25,240,before_decay,60.057111650998,4144.7483999999995,113,19.94346778242675,2
SKS03,EQM_4,2,0,0.25,240,after_decay,4144.7483999999995,32345.4516,240,19.94534058577483,2
SKS03,EQM_4,2,0,0.5,120,shaking,5.414373079475499,60.057111650998,120,0.003932773109248444,2
SKS03,EQM_4,2,0,0.5,120,before_decay,60.057111650998,1185.8808,51,19.874884033613398,2
SKS03,EQM_4,2,0,0.5,120,after_decay,1185.8808,32345.4516,120,19.979551260503285,2
SKS03,EQM_4,2,0,0.5,240,shaking,5.414373079475499,60.057111650998,240,0.004162343096234977,2
SKS03,EQM_4,2,0,0.5,240,before_decay,60.057111650998,1185.8808,80,19.9329037656903,2
SKS03,EQM_4,2,0,0.5,240,after_decay,1185.8808,32345.4516,240,19.53539246861874,2
SKS03,EQM_4,2,0,0.75,120,shaking,5.414373079475499,60.057111650998,120,0.003932773109248444,2
SKS03,EQM_4,2,0,0.75,120,before_decay,60.057111650998,424.5528,91,18.780211764705825,2
SKS03,EQM_4,2,0,0.75,120,after_decay,424.5528,32345.4516,120,18.980964705882343,2
SKS03,EQM_4,2,0,0.75,240,shaking,5.414373079475499,60.057111650998,240,0.004162343096234977,2
SKS03,EQM_4,2,0,0.75,240,before_decay,60.057111650998,424.5528,178,19.825739748953993,2
SKS03,EQM_4,2,0,0.75,240,after_decay,424.5528,32345.4516,240,19.929657740587572,2
SKS03,EQM_4,2,1,0.25,120,shaking,6.914373079475499,58.557111650998,120,0.004114285714287291,2
SKS03,EQM_4,2,1,0.25,120,before_decay,61.557111650998,4143.2483999999995,103,19.804628571428793,2
SKS03,EQM_4,2,1,0.25,120,after_decay,4146.2483999999995,32345.4516,120,19.829974789918197,2
SKS03,EQM_4,2,1,0.25,240,shaking,6.914373079475499,58.557111650998,240,0.004182426778243098,2
SKS03,EQM_4,2,1,0.25,240,before_decay,61.557111650998,4143.2483999999995,112,19.856635983263573,2
SKS03,EQM_4,2,1,0.25,240,after_decay,4146.2483999999995,32345.4516,240,19.980645188283233,2
SKS03,EQM_4,2,1,0.5,120,shaking,6.914373079475499,58.557111650998,120,0.004114285714287291,2
SKS03,EQM_4,2,1,0.5,120,before_decay,61.557111650998,1184.3808,51,19.7384268907565,2
SKS03,EQM_4,2,1,0.5,120,after_decay,1187.3808,32345.4516,120,19.930689075628834,2
SKS03,EQM_4,2,1,0.5,240,shaking,6.914373079475499,58.557111650998,240,0.004182426778243098,2
SKS03,EQM_4,2,1,0.5,240,before_decay,61.557111650998,1184.3808,81,19.930006694560802,2
SKS03,EQM_4,2,1,0.5,240,after_decay,1187.3808,32345.4516,240,20.006738912134097,2
SKS03,EQM_4,2,1,0.75,120,shaking,6.914373079475499,58.557111650998,120,0.004114285714287291,2
SKS03,EQM_4,2,1,0.75,120,before_decay,61.557111650998,423.0528,100,19.00648235294119,2
SKS03,EQM_4,2,1,0.75,120,after_decay,426.0528,32345.4516,120,19.843492436972156,2
SKS03,EQM_4,2,1,0.75,240,shaking,6.914373079475499,58.557111650998,240,0.004182426778243098,2
SKS03,EQM_4,2,1,0.75,240,before_decay,61.557111650998,423.0528,198,19.87731715481175,2
SKS03,EQM_4,2,1,0.75,240,after_decay,426.0528,32345.4516,240,19.969867782423535,2
SKS03,EQM_4,3,0,0.25,120,shaking,5.414373079475499,60.057111650998,120,0.003932773109248444,2
SKS03,EQM_4,3,0,0.25,120,before_decay,60.057111650998,4144.7483999999995,104,19.938121008403414,2
SKS03,EQM_4,3,0,0.25,120,after_decay,4144.7483999999995,32345.4516,120,19.832727731092746,2
SKS03,EQM_4,3,0,0.25,240,shaking,5.414373079475499,60.057111650998,240,0.004162343096234977,2
SKS03,EQM_4,3,0,0.25,240,before_decay,60.057111650998,4144.7483999999995,113,19.94346778242675,2
SKS03,EQM_4,3,0,0.25,240,after_decay,4144.7483999999995,32345.4516,240,19.94534058577483,2
SKS03,EQM_4,3,0,0.5,120,shaking,5.414373079475499,60.057111650998,120,0.003932773109248444,2
SKS03,EQM_4,3,0,0.5,120,before_decay,60.057111650998,1185.8808,51,19.874884033613398,2
SKS03,EQM_4,3,0,0.5,120,after_decay,1185.8808,32345.4516,120,19.979551260503285,2
SKS03,EQM_4,3,0,0.5,240,shaking,5.414373079475499,60.057111650998,240,0.004162343096234977,2
SKS03,EQM_4,3,0,0.5,240,before_decay,60.057111650998,1185.8808,80,19.9329037656903,2
SKS03,EQM_4,3,0,0.5,240,after_decay,1185.8808,32345.4516,240,19.53539246861874,2
SKS03,EQM_4,3,0,0.75,120,shaking,5.414373079475499,60.057111650998,120,0.003932773109248444,2
SKS03,EQM_4,3,0,0.75,120,before_decay,60.057111650998,424.5528,91,18.780211764705825,2
SKS03,EQM_4,3,0,0.75,120,after_decay,424.5528,32345.4516,120,18.980964705882343,2
SKS03,EQM_4,3,0,0.75,240,shaking,5.414373079475499,60.057111650998,240,0.004162343096234977,2
SKS03,EQM_4,3,0,0.75,240,before_decay,60.057111650998,424.5528,178,19.825739748953993,2
SKS03,EQM_4,3,0,0.75,240,after_decay,424.5528,32345.4516,240,19.929657740587572,2
SKS03,EQM_4,3,1,0.25,120,shaking,6.914373079475499,58.557111650998,120,0.004114285714287291,2
SKS03,EQM_4,3,1,0.25,120,before_decay,61.557111650998,4143.2483999999995,103,19.804628571428793,2
SKS03,EQM_4,3,1,0.25,120,after_decay,4146.2483999999995,32345.4516,120,19.829974789918197,2
SKS03,EQM_4,3,1,0.25,240,shaking,6.914373079475499,58.557111650998,240,0.004182426778243098,2
SKS03,EQM_4,3,1,0.25,240,before_decay,61.557111650998,4143.2483999999995,112,19.856635983263573,2
SKS03,EQM_4,3,1,0.25,240,after_decay,4146.2483999999995,32345.4516,240,19.980645188283233,2
SKS03,EQM_4,3,1,0.5,120,shaking,6.914373079475499,58.557111650998,120,0.004114285714287291,2
SKS03,EQM_4,3,1,0.5,120,before_decay,61.557111650998,1184.3808,51,19.7384268907565,2
SKS03,EQM_4,3,1,0.5,120,after_decay,1187.3808,32345.4516,120,19.930689075628834,2
SKS03,EQM_4,3,1,0.5,240,shaking,6.914373079475499,58.557111650998,240,0.004182426778243098,2
SKS03,EQM_4,3,1,0.5,240,before_decay,61.557111650998,1184.3808,81,19.930006694560802,2
SKS03,EQM_4,3,1,0.5,240,after_decay,1187.3808,32345.4516,240,20.006738912134097,2
SKS03,EQM_4,3,1,0.75,120,shaking,6.914373079475499,58.557111650998,120,0.004114285714287291,2
SKS03,EQM_4,3,1,0.75,120,before_decay,61.557111650998,423.0528,100,19.00648235294119,2
SKS03,EQM_4,3,1,0.75,120,after_decay,426.0528,32345.4516,120,19.843492436972156,2
SKS03,EQM_4,3,1,0.75,240,shaking,6.914373079475499,58.557111650998,240,0.004182426778243098,2
SKS03,EQM_4,3,1,0.75,240,before_decay,61.557111650998,423.0528,198,19.87731715481175,2
SKS03,EQM_4,3,1,0.75,240,after_decay,426.0528,32345.4516,240,19.969867782423535,2
SKS03,EQM_5,2,0,0.25,120,shaking,5.67832504061841,67.82282957963878,120,0.004164705882359954,2
SKS03,EQM_5,2,0,0.25,120,before_decay,67.82282957963878,8223.9348,120,19.94861344537776,2
SKS03,EQM_5,2,0,0.25,120,after_decay,8223.9348,32344.599,120,20.17131428571156,2
SKS03,EQM_5,2,0,0.25,240,shaking,5.67832504061841,67.82282957963878,240,0.004182426778243098,2
SKS03,EQM_5,2,0,0.25,240,before_decay,67.82282957963878,8223.9348,206,19.84194225941519,2
SKS03,EQM_5,2,0,0.25,240,after_decay,8223.9348,32344.599,240,19.93486192468481,2
SKS03,EQM_5,2,0,0.5,120,shaking,5.67832504061841,67.82282957963878,120,0.004164705882359954,2
SKS03,EQM_5,2,0,0.5,120,before_decay,67.82282957963878,1183.935,54,19.869110924369693,2
SKS03,EQM_5,2,0,0.5,120,after_decay,1183.935,32344.599,120,19.898843697475968,2
SKS03,EQM_5,2,0,0.5,240,shaking,5.67832504061841,67.82282957963878,240,0.004182426778243098,2
SKS03,EQM_5,2,0,0.5,240,before_decay,67.82282957963878,1183.935,86,19.98058493723852,2
SKS03,EQM_5,2,0,0.5,240,after_decay,1183.935,32344.599,240,20.015811715478776,2
SKS03,EQM_5,2,0,0.75,120,shaking,5.67832504061841,67.82282957963878,120,0.004164705882359954,2
SKS03,EQM_5,2,0,0.75,120,before_decay,67.82282957963878,423.8958,102,19.093200000000024,2
SKS03,EQM_5,2,0,0.75,120,after_decay,423.8958,32344.599,120,19.22969747899333,2
SKS03,EQM_5,2,0,0.75,240,shaking,5.67832504061841,67.82282957963878,240,0.004182426778243098,2
SKS03,EQM_5,2,0,0.75,240,before_decay,67.82282957963878,423.8958,202,19.367922175732247,2
SKS03,EQM_5,2,0,0.75,240,after_decay,423.8958,32344.599,240,19.92531464435342,2
SKS03,EQM_5,2,1,0.25,120,shaking,7.17832504061841,66.32282957963878,120,0.004164705882354625,2
SKS03,EQM_5,2,1,0.25,120,before_decay,69.32282957963878,8222.4348,120,19.830514285716163,2
SKS03,EQM_5,2,1,0.25,120,after_decay,8225.4348,32344.599,120,19.446216806722077,2
SKS03,EQM_5,2,1,0.25,240,shaking,7.17832504061841,66.32282957963878,240,0.004182426778243098,2
SKS03,EQM_5,2,1,0.25,240,before_decay,69.32282957963878,8222.4348,205,20.0562803347284,2
SKS03,EQM_5,2,1,0.25,240,after_decay,8225.4348,32344.599,240,19.839657740587427,2
SKS03,EQM_5,2,1,0.5,120,shaking,7.17832504061841,66.32282957963878,120,0.004164705882354625,2
SKS03,EQM_5,2,1,0.5,120,before_decay,69.32282957963878,1182.435,54,19.592379831932817,2
SKS03,EQM_5,2,1,0.5,120,after_decay,1185.435,32344.599,120,19.969951260505695,2
SKS03,EQM_5,2,1,0.5,240,shaking,7.17832504061841,66.32282957963878,240,0.004182426778243098,2
SKS03,EQM_5,2,1,0.5,240,before_decay,69.32282957963878,1182.435,87,19.978988284518664,2
SKS03,EQM_5,2,1,0.5,240,after_decay,1185.435,32344.599,240,19.7920694560662,2
SKS03,EQM_5,2,1,0.75,120,shaking,7.17832504061841,66.32282957963878,120,0.004164705882354625,2
SKS03,EQM_5,2,1,0.75,120,before_decay,69.32282957963878,422.3958,114,9.396796638655474,2
SKS03,EQM_5,2,1,0.75,120,after_decay,425.3958,32344.599,120,20.012137815127062,2
SKS03,EQM_5,2,1,0.75,240,shaking,7.17832504061841,66.32282957963878,240,0.004182426778243098,2
SKS03,EQM_5,2,1,0.75,240,before_decay,69.32282957963878,422.3958,226,9.441032635983277,2
SKS03,EQM_5,2,1,0.75,240,after_decay,425.3958,32344.599,240,19.92934895397775,2
SKS03,EQM_5,3,0,0.25,120,shaking,5.67832504061841,67.82282957963878,120,0.004164705882359954,2
SKS03,EQM_5,3,0,0.25,120,before_decay,67.82282957963878,8223.9348,120,19.94861344537776,2
SKS03,EQM_5,3,0,0.25,120,after_decay,8223.9348,32344.599,120,20.17131428571156,2
SKS03,EQM_5,3,0,0.25,240,shaking,5.67832504061841,67.82282957963878,240,0.004182426778243098,2
SKS03,EQM_5,3,0,0.25,240,before_decay,67.82282957963878,8223.9348,206,19.84194225941519,2
SKS03,EQM_5,3,0,0.25,240,after_decay,8223.9348,32344.599,240,19.93486192468481,2
SKS03,EQM_5,3,0,0.5,120,shaking,5.67832504061841,67.82282957963878,120,0.004164705882359954,2
SKS03,EQM_5,3,0,0.5,120,before_decay,67.82282957963878,1183.935,54,19.869110924369693,2
SKS03,EQM_5,3,0,0.5,120,after_decay,1183.935,32344.599,120,19.898843697475968,2
SKS03,EQM_5,3,0,0.5,240,shaking,5.67832504061841,67.82282957963878,240,0.004182426778243098,2
SKS03,EQM_5,3,0,0.5,240,before_decay,67.82282957963878,1183.935,86,19.98058493723852,2
SKS03,EQM_5,3,0,0.5,240,after_decay,1183.935,32344.599,240,20.015811715478776,2
SKS03,EQM_5,3,0,0.75,120,shaking,5.67832504061841,67.82282957963878,120,0.004164705882359954,2
SKS03,EQM_5,3,0,0.75,120,before_decay,67.82282957963878,423.8958,102,19.093200000000024,2
SKS03,EQM_5,3,0,0.75,120,after_decay,423.8958,32344.599,120,19.22969747899333,2
SKS03,EQM_5,3,0,0.75,240,shaking,5.67832504061841,67.82282957963878,240,0.004182426778243098,2
SKS03,EQM_5,3,0,0.75,240,before_decay,67.82282957963878,423.8958,202,19.367922175732247,2
SKS03,EQM_5,3,0,0.75,240,after_decay,423.8958,32344.599,240,19.92531464435342,2
SKS03,EQM_5,3,1,0.25,120,shaking,7.17832504061841,66.32282957963878,120,0.004164705882354625,2
SKS03,EQM_5,3,1,0.25,120,before_decay,69.32282957963878,8222.4348,120,19.830514285716163,2
SKS03,EQM_5,3,1,0.25,120,after_decay,8225.4348,32344.599,120,19.446216806722077,2
SKS03,EQM_5,3,1,0.25,240,shaking,7.17832504061841,66.32282957963878,240,0.004182426778243098,2
SKS03,EQM_5,3,1,0.25,240,before_decay,69.32282957963878,8222.4348,205,20.0562803347284,2
SKS03,EQM_5,3,1,0.25,240,after_decay,8225.4348,32344.599,240,19.839657740587427,2
SKS03,EQM_5,3,1,0.5,120,shaking,7.17832504061841,66.32282957963878,120,0.004164705882354625,2
SKS03,EQM_5,3,1,0.5,120,before_decay,69.32282957963878,1182.435,54,19.592379831932817,2
SKS03,EQM_5,3,1,0.5,120,after_decay,1185.435,32344.599,120,19.969951260505695,2
SKS03,EQM_5,3,1,0.5,240,shaking,7.17832504061841,66.32282957963878,240,0.004182426778243098,2
SKS03,EQM_5,3,1,0.5,240,before_decay,69.32282957963878,1182.435,87,19.978988284518664,2
SKS03,EQM_5,3,1,0.5,240,after_decay,1185.435,32344.599,240,19.7920694560662,2
SKS03,EQM_5,3,1,0.75,120,shaking,7.17832504061841,66.32282957963878,120,0.004164705882354625,2
SKS03,EQM_5,3,1,0.75,120,before_decay,69.32282957963878,422.3958,114,9.396796638655474,2
SKS03,EQM_5,3,1,0.75,120,after_decay,425.3958,32344.599,120,20.012137815127062,2
SKS03,EQM_5,3,1,0.75,240,shaking,7.17832504061841,66.32282957963878,240,0.004182426778243098,2
SKS03,EQM_5,3,1,0.75,240,before_decay,69.32282957963878,422.3958,226,9.441032635983277,2
SKS03,EQM_5,3,1,0.75,240,after_decay,425.3958,32344.599,240,19.92934895397775,2
