source_file,sha256
SKS02/SKS02_Processed_Data/EQM_1/EQM_1_Input_Motion.txt,a054da93ce70d608d4914ecad683d2b560f3b616250a20b6d85f26a6a467c1e5
SKS02/SKS02_Processed_Data/EQM_1/EQM_1_Keller_Excess_Pore_Pressure_Ratio.txt,54701e106d0e369fe2d85d9b8e5470337ade8cec0aba94a13144583cc2dab758
SKS02/SKS02_Processed_Data/EQM_1/EQM_1_Pile_1_Axial_Load.txt,9ac3d0cb66242e5812700ae942a1e192f75eb6c1dc302493ccd180a9a661903f
SKS02/SKS02_Processed_Data/EQM_1/EQM_1_Pile_2_Axial_Load.txt,c842d981167cd7c4b7f45fd958b94b35d1dbf739ab29e2a6a25e8680d8e5bd4c
SKS02/SKS02_Processed_Data/EQM_2/EQM_2_Input_Motion.txt,18b0758029e0427f307436ae242090d71a8df101eee88ed111063bdfd653c37a
SKS02/SKS02_Processed_Data/EQM_2/EQM_2_Keller_Excess_Pore_Pressure_Ratio.txt,cd77d5dc8e5e0e27d3719eff7cbaced63ea31c517d675ea640616bda17b5fcc8
SKS02/SKS02_Processed_Data/EQM_2/EQM_2_Pile_1_Axial_Load.txt,3f9c4c8c29a6bdfde5e43c86b6fbe839f5fcc2c5434deba793870de145abc498
SKS02/SKS02_Processed_Data/EQM_2/EQM_2_Pile_2_Axial_Load.txt,62467e57ee9a132b1cba02fe9f9e452337d733cd1926bf69556b02604d149efb
SKS02/SKS02_Processed_Data/EQM_3/EQM_3_Input_Motion.txt,5c4666bf33fae6446048fb627a28128b6e9908a80a2278d1b9e994ce76e289ea
SKS02/SKS02_Processed_Data/EQM_3/EQM_3_Keller_Excess_Pore_Pressure_Ratio.txt,986f3987e08b5c325f866bf5620d607491b32dbf091344dce20cdef278f5a997
SKS02/SKS02_Processed_Data/EQM_3/EQM_3_Pile_1_Axial_Load.txt,4b3c65b4b13240e88570ebafa9bb1f87fcd2d15d851179804e2fe6e2ef08b3d6
SKS02/SKS02_Processed_Data/EQM_3/EQM_3_Pile_2_Axial_Load.txt,34f0cbd1985f69d1ad3ce7d01ac9baf758248dd2292b1126619f0b42ac36bd82
SKS02/SKS02_Processed_Data/EQM_4/EQM_4_Input_Motion.txt,11e55b4a655d4694ec4b7b1ddcb8ce7fdd80bae1b25ba9629781f5bd13e31157
SKS02/SKS02_Processed_Data/EQM_4/EQM_4_Keller_Excess_Pore_Pressure_Ratio.txt,8a39e19b63e10d28f290a80a4331d2252ca9c4e2033170d4b379f5413b3a0f02
SKS02/SKS02_Processed_Data/EQM_4/EQM_4_Pile_1_Axial_Load.txt,cfb2357e82930526d1ef10a013ad22a008e55764b3335f379fb6c09cfb00decd
SKS02/SKS02_Processed_Data/EQM_4/EQM_4_Pile_2_Axial_Load.txt,8591dd41eccfbe8b2e15d4bccd35b3c8439fef77308e02b0a60ef1f691600707
SKS02/SKS02_Processed_Data/EQM_5/EQM_5_Input_Motion.txt,8cbae771a74eafa87c679cab896d335d462f47fc100fe4471216367b251a08d5
SKS02/SKS02_Processed_Data/EQM_5/EQM_5_Keller_Excess_Pore_Pressure_Ratio.txt,09fb3ba7331057690306cc059c448a247a82efcfdf4c902c4ca84e8c3564162d
SKS02/SKS02_Processed_Data/EQM_5/EQM_5_Pile_1_Axial_Load.txt,c88ed93a1c22e9698bbf34a85be549982ded233eeaad33c74f314b30d0278a37
SKS02/SKS02_Processed_Data/EQM_5/EQM_5_Pile_2_Axial_Load.txt,5d639d7e999cfba82a5a185f4ad5d3c96964a06b2f3e90058c5f4e69876f76b7
SKS02/SKS02_Processed_Data/EQM_6/EQM_6_Input_Motion.txt,f0f6f659c234f2e1eeecf82bac3540e089b1cc63bb5f81c40188fe2b720f5eab
SKS02/SKS02_Processed_Data/EQM_6/EQM_6_Keller_Excess_Pore_Pressure_Ratio.txt,e5212a39c9b8e64f02e8c7cc32b5aa72ebf580d6dc856fcb07e93d447e471841
SKS02/SKS02_Processed_Data/EQM_6/EQM_6_Pile_1_Axial_Load.txt,ecc7d48ab19255f14fafdf67d8856ed7230885fd777e0f17dd3712c8de1d631a
SKS02/SKS02_Processed_Data/EQM_6/EQM_6_Pile_2_Axial_Load.txt,705e9d49130c4e9a04eaff890603102cac78b4e77615ab35dabf70007344840e
SKS03/Processed_Data/EQM_1/EQM_1_Input_Motion.txt,a3eba68ac6575892310d430a3a21fbe6fcd18237e567d834028a73fd711f6aaf
SKS03/Processed_Data/EQM_1/EQM_1_Keller_Excess_Pore_Pressure_Ratio.txt,d0da07a9f3ebb64f7281b31a2e59404f8292224863119a9d3cf810097f046d1e
SKS03/Processed_Data/EQM_1/EQM_1_Pile_2_Axial_Load.txt,1e7add7834f849f683d65ffcfb537a26f06fe97142d160ccbe924e2eab26f7c2
SKS03/Processed_Data/EQM_1/EQM_1_Pile_3_Axial_Load.txt,412fcd9b7500f623258d37c565723fa68f50786c20d311fba8ccc779e6129c86
SKS03/Processed_Data/EQM_2/EQM_2_Input_Motion.txt,811a87a682cb8651f63d4c329baca0b095c0c8d14067a910dacd983bdea90852
SKS03/Processed_Data/EQM_2/EQM_2_Keller_Excess_Pore_Pressure_Ratio.txt,cab3f960aef343884f5a0676da9689af514005deb92e218414a2077f49397747
SKS03/Processed_Data/EQM_2/EQM_2_Pile_2_Axial_Load.txt,bf6f62c1d3e7c8f00ac1c139ebeb7ff94cf4d8959c7d4f7c475cb48e277988a1
SKS03/Processed_Data/EQM_2/EQM_2_Pile_3_Axial_Load.txt,711fa9b0f90f52d4940e9892d97f0ad7e05e1d71c38112b546c30d7abcb23f22
SKS03/Processed_Data/EQM_3/EQM_3_Input_Motion.txt,fefde7bf6dc517df717cc25e564dd8e87b2f3cf348aa5f85e5126c497af90d21
SKS03/Processed_Data/EQM_3/EQM_3_Keller_Excess_Pore_Pressure_Ratio.txt,3ea5b14bea00f579f57584f82b2f85641c033428de723e8bc220657fec126562
SKS03/Processed_Data/EQM_3/EQM_3_Pile_2_Axial_Load.txt,79e4c59f1729a13d23a119d6e921fabcbd4cdbb7849a7a5fce5603086a214e80
SKS03/Processed_Data/EQM_3/EQM_3_Pile_3_Axial_Load.txt,94dccc03971b38bb93b30a1cba2c0b68cc3bd885def3298ee0280b652a3e2160
SKS03/Processed_Data/EQM_4/EQM_4_Input_Motion.txt,36da77b889b79cf6637d4c7b45ac4d3450c250df304a0a1a03ea173c2b33228f
SKS03/Processed_Data/EQM_4/EQM_4_Keller_Excess_Pore_Pressure_Ratio.txt,a8a634f11934a1ba39472adb60e1ab4014d12dc5e3491569bbf7354e41eb4f48
SKS03/Processed_Data/EQM_4/EQM_4_Pile_2_Axial_Load.txt,ec27674a354577ebbaa3f179dd6b9a12766b44756e12d2b2f382b953926b34cd
SKS03/Processed_Data/EQM_4/EQM_4_Pile_3_Axial_Load.txt,bc7a3247cd925114e0e0b35b4fdd7428194957198e109b3f0ea613a086c7cb60
SKS03/Processed_Data/EQM_5/EQM_5_Input_Motion.txt,171ede6fc560d3f3324fc5ae0c92e5be8f746c8d2ff9470c0eb6c06ffe7de7fb
SKS03/Processed_Data/EQM_5/EQM_5_Keller_Excess_Pore_Pressure_Ratio.txt,ec0bd6e037f4c162bcbed7650968973299debc7d311c17535e328627e2661bc3
SKS03/Processed_Data/EQM_5/EQM_5_Pile_2_Axial_Load.txt,05adfa7e6920bdcd53a29226d8cb3f5e7cf72b16c2b0f40eadd961f77a2e51e4
SKS03/Processed_Data/EQM_5/EQM_5_Pile_3_Axial_Load.txt,3a297ea579a7820025e0b16413fee2f8ce87d9a16b5c78c184634b4dd8759ded
