test,event,piles,cross_regime,static_PRJ4809,uniform,additional_stations_b,training_test_for_cross_regime,cross_regime_minus_uniform,static_PRJ4809_minus_uniform,pga_g,input_motion_samples,input_motion_source_file,keller_sensor_count,median_sensor_peak_ru,p90_sensor_peak_ru,maximum_observed_ru,keller_source_file,median_absolute_final_soil_settlement_mm,median_absolute_final_pile_settlement_mm,settlement_source_file
SKS02,EQM_1,2,0.25458698401944757,0.2188538901188718,0.2127026720011137,2,SKS03,0.04188431201833387,0.006151218117758095,0.02626,3750,PRJ2828\SKS02\SKS02_Processed_Data\EQM_1\EQM_1_Input_Motion.txt,10,0.007514999999999999,0.02403099999999999,0.05824,PRJ2828\SKS02\SKS02_Processed_Data\EQM_1\EQM_1_Keller_Excess_Pore_Pressure_Ratio.txt,2.762665,0.9534149999999999,PRJ2828\SKS02\SKS02_Processed_Data\EQM_1\EQM_1_Settlement.txt
SKS02,EQM_2,2,0.26421878218494543,0.2324122021193943,0.22287241702768784,2,SKS03,0.04134636515725759,0.00953978509170647,0.13858,3750,PRJ2828\SKS02\SKS02_Processed_Data\EQM_2\EQM_2_Input_Motion.txt,10,0.368005,0.7231279999999999,1.01822,PRJ2828\SKS02\SKS02_Processed_Data\EQM_2\EQM_2_Keller_Excess_Pore_Pressure_Ratio.txt,25.195085,5.258625,PRJ2828\SKS02\SKS02_Processed_Data\EQM_2\EQM_2_Settlement.txt
SKS02,EQM_3,2,0.2721772400457584,0.2314537499283576,0.21097879683793885,2,SKS03,0.06119844320781953,0.020474953090418746,0.23596,3750,PRJ2828\SKS02\SKS02_Processed_Data\EQM_3\EQM_3_Input_Motion.txt,10,0.7238899999999999,1.0188949999999999,1.1021,PRJ2828\SKS02\SKS02_Processed_Data\EQM_3\EQM_3_Keller_Excess_Pore_Pressure_Ratio.txt,72.309535,7.677810000000001,PRJ2828\SKS02\SKS02_Processed_Data\EQM_3\EQM_3_Settlement.txt
SKS02,EQM_4,2,0.2084011505345014,0.22989590872469207,0.2529430940125892,2,SKS03,-0.04454194347808779,-0.02304718528789712,0.12231,3750,PRJ2828\SKS02\SKS02_Processed_Data\EQM_4\EQM_4_Input_Motion.txt,10,0.224105,0.4363279999999998,0.92924,PRJ2828\SKS02\SKS02_Processed_Data\EQM_4\EQM_4_Keller_Excess_Pore_Pressure_Ratio.txt,26.97471,4.135585000000001,PRJ2828\SKS02\SKS02_Processed_Data\EQM_4\EQM_4_Settlement.txt
SKS02,EQM_5,2,0.21062367161930096,0.23573674402323858,0.22919700901482665,2,SKS03,-0.01857333739552569,0.006539735008411929,0.31233,3750,PRJ2828\SKS02\SKS02_Processed_Data\EQM_5\EQM_5_Input_Motion.txt,10,0.825975,1.1516319999999998,1.72882,PRJ2828\SKS02\SKS02_Processed_Data\EQM_5\EQM_5_Keller_Excess_Pore_Pressure_Ratio.txt,84.69348,64.103765,PRJ2828\SKS02\SKS02_Processed_Data\EQM_5\EQM_5_Settlement.txt
SKS02,EQM_6,2,0.2169544918383805,0.21114156081036686,0.21190450936364,2,SKS03,0.005049982474740505,-0.000762948553273135,0.39314,11250,PRJ2828\SKS02\SKS02_Processed_Data\EQM_6\EQM_6_Input_Motion.txt,10,0.681195,1.019045,1.10387,PRJ2828\SKS02\SKS02_Processed_Data\EQM_6\EQM_6_Keller_Excess_Pore_Pressure_Ratio.txt,70.37016,35.349505,PRJ2828\SKS02\SKS02_Processed_Data\EQM_6\EQM_6_Settlement.txt
SKS03,EQM_1,2,0.13026806686853865,0.3271090362214053,0.23024907637267517,2,SKS02,-0.09998100950413652,0.09685995984873014,0.08533,3750,PRJ2828\SKS03\Processed_Data\EQM_1\EQM_1_Input_Motion.txt,11,0.27178,1.13582,1.16973,PRJ2828\SKS03\Processed_Data\EQM_1\EQM_1_Keller_Excess_Pore_Pressure_Ratio.txt,,,
SKS03,EQM_2,2,0.1352460575742917,0.3190550536357776,0.25083962724641173,2,SKS02,-0.11559356967212003,0.06821542638936584,0.12988,3750,PRJ2828\SKS03\Processed_Data\EQM_2\EQM_2_Input_Motion.txt,11,0.32848,1.15429,1.17911,PRJ2828\SKS03\Processed_Data\EQM_2\EQM_2_Keller_Excess_Pore_Pressure_Ratio.txt,,,
SKS03,EQM_3,2,0.12568177348965645,0.3105875557944734,0.27918867932158387,2,SKS02,-0.15350690583192741,0.031398876472889525,0.18197,3750,PRJ2828\SKS03\Processed_Data\EQM_3\EQM_3_Input_Motion.txt,11,0.46351,1.15321,1.18051,PRJ2828\SKS03\Processed_Data\EQM_3\EQM_3_Keller_Excess_Pore_Pressure_Ratio.txt,,,
SKS03,EQM_4,2,0.1343709486403481,0.38180872973027,0.2932916126274073,2,SKS02,-0.15892066398705923,0.0885171171028627,0.4518,11250,PRJ2828\SKS03\Processed_Data\EQM_4\EQM_4_Input_Motion.txt,11,0.97209,1.23663,1.37256,PRJ2828\SKS03\Processed_Data\EQM_4\EQM_4_Keller_Excess_Pore_Pressure_Ratio.txt,,,
SKS03,EQM_5,2,0.21140165884052256,0.43242593441639654,0.2897737659881906,2,SKS02,-0.07837210714766804,0.14265216842820594,0.67726,11250,PRJ2828\SKS03\Processed_Data\EQM_5\EQM_5_Input_Motion.txt,11,1.05061,1.51094,1.64135,PRJ2828\SKS03\Processed_Data\EQM_5\EQM_5_Keller_Excess_Pore_Pressure_Ratio.txt,,,
SKS02,EQM_1,2,0.19778717250842695,0.1835283257795187,0.1990762285558627,3,SKS03,-0.0012890560474357604,-0.01554790277634402,0.02626,3750,PRJ2828\SKS02\SKS02_Processed_Data\EQM_1\EQM_1_Input_Motion.txt,10,0.007514999999999999,0.02403099999999999,0.05824,PRJ2828\SKS02\SKS02_Processed_Data\EQM_1\EQM_1_Keller_Excess_Pore_Pressure_Ratio.txt,2.762665,0.9534149999999999,PRJ2828\SKS02\SKS02_Processed_Data\EQM_1\EQM_1_Settlement.txt
SKS02,EQM_2,2,0.20737898253767156,0.19074170400186757,0.21197813222844952,3,SKS03,-0.004599149690777959,-0.02123642822658195,0.13858,3750,PRJ2828\SKS02\SKS02_Processed_Data\EQM_2\EQM_2_Input_Motion.txt,10,0.368005,0.7231279999999999,1.01822,PRJ2828\SKS02\SKS02_Processed_Data\EQM_2\EQM_2_Keller_Excess_Pore_Pressure_Ratio.txt,25.195085,5.258625,PRJ2828\SKS02\SKS02_Processed_Data\EQM_2\EQM_2_Settlement.txt
SKS02,EQM_3,2,0.2025006090159742,0.1842240344578422,0.213648190526706,3,SKS03,-0.011147581510731808,-0.02942415606886381,0.23596,3750,PRJ2828\SKS02\SKS02_Processed_Data\EQM_3\EQM_3_Input_Motion.txt,10,0.7238899999999999,1.0188949999999999,1.1021,PRJ2828\SKS02\SKS02_Processed_Data\EQM_3\EQM_3_Keller_Excess_Pore_Pressure_Ratio.txt,72.309535,7.677810000000001,PRJ2828\SKS02\SKS02_Processed_Data\EQM_3\EQM_3_Settlement.txt
SKS02,EQM_4,2,0.19736083987325875,0.18929614856292515,0.1987445837610953,3,SKS03,-0.0013837438878365471,-0.009448435198170152,0.12231,3750,PRJ2828\SKS02\SKS02_Processed_Data\EQM_4\EQM_4_Input_Motion.txt,10,0.224105,0.4363279999999998,0.92924,PRJ2828\SKS02\SKS02_Processed_Data\EQM_4\EQM_4_Keller_Excess_Pore_Pressure_Ratio.txt,26.97471,4.135585000000001,PRJ2828\SKS02\SKS02_Processed_Data\EQM_4\EQM_4_Settlement.txt
SKS02,EQM_5,2,0.17570510484556615,0.20359020829571872,0.1985155305588065,3,SKS03,-0.02281042571324035,0.005074677736912225,0.31233,3750,PRJ2828\SKS02\SKS02_Processed_Data\EQM_5\EQM_5_Input_Motion.txt,10,0.825975,1.1516319999999998,1.72882,PRJ2828\SKS02\SKS02_Processed_Data\EQM_5\EQM_5_Keller_Excess_Pore_Pressure_Ratio.txt,84.69348,64.103765,PRJ2828\SKS02\SKS02_Processed_Data\EQM_5\EQM_5_Settlement.txt
SKS02,EQM_6,2,0.1877025498967997,0.1790794778745646,0.19488332919182388,3,SKS03,-0.007180779295024198,-0.015803851317259282,0.39314,11250,PRJ2828\SKS02\SKS02_Processed_Data\EQM_6\EQM_6_Input_Motion.txt,10,0.681195,1.019045,1.10387,PRJ2828\SKS02\SKS02_Processed_Data\EQM_6\EQM_6_Keller_Excess_Pore_Pressure_Ratio.txt,70.37016,35.349505,PRJ2828\SKS02\SKS02_Processed_Data\EQM_6\EQM_6_Settlement.txt
SKS03,EQM_1,2,0.09895492686064,0.168132903796168,0.1412397980865316,3,SKS02,-0.042284871225891585,0.026893105709636406,0.08533,3750,PRJ2828\SKS03\Processed_Data\EQM_1\EQM_1_Input_Motion.txt,11,0.27178,1.13582,1.16973,PRJ2828\SKS03\Processed_Data\EQM_1\EQM_1_Keller_Excess_Pore_Pressure_Ratio.txt,,,
SKS03,EQM_2,2,0.09797233267943675,0.18514194858454236,0.1419427172681408,3,SKS02,-0.04397038458870406,0.04319923131640155,0.12988,3750,PRJ2828\SKS03\Processed_Data\EQM_2\EQM_2_Input_Motion.txt,11,0.32848,1.15429,1.17911,PRJ2828\SKS03\Processed_Data\EQM_2\EQM_2_Keller_Excess_Pore_Pressure_Ratio.txt,,,
SKS03,EQM_3,2,0.0941541075885583,0.20946149731732017,0.14924807600873055,3,SKS02,-0.05509396842017225,0.060213421308589615,0.18197,3750,PRJ2828\SKS03\Processed_Data\EQM_3\EQM_3_Input_Motion.txt,11,0.46351,1.15321,1.18051,PRJ2828\SKS03\Processed_Data\EQM_3\EQM_3_Keller_Excess_Pore_Pressure_Ratio.txt,,,
SKS03,EQM_4,2,0.071360027973593,0.2109389364375827,0.15196508764937475,3,SKS02,-0.08060505967578174,0.058973848788207966,0.4518,11250,PRJ2828\SKS03\Processed_Data\EQM_4\EQM_4_Input_Motion.txt,11,0.97209,1.23663,1.37256,PRJ2828\SKS03\Processed_Data\EQM_4\EQM_4_Keller_Excess_Pore_Pressure_Ratio.txt,,,
SKS03,EQM_5,2,0.10398976103780279,0.2057683113307255,0.17960361123072105,3,SKS02,-0.07561385019291826,0.026164700100004462,0.67726,11250,PRJ2828\SKS03\Processed_Data\EQM_5\EQM_5_Input_Motion.txt,11,1.05061,1.51094,1.64135,PRJ2828\SKS03\Processed_Data\EQM_5\EQM_5_Keller_Excess_Pore_Pressure_Ratio.txt,,,
SKS02,EQM_1,2,0.1461635186546904,0.1624550260255537,0.18903626084190506,4,SKS03,-0.04287274218721465,-0.026581234816351357,0.02626,3750,PRJ2828\SKS02\SKS02_Processed_Data\EQM_1\EQM_1_Input_Motion.txt,10,0.007514999999999999,0.02403099999999999,0.05824,PRJ2828\SKS02\SKS02_Processed_Data\EQM_1\EQM_1_Keller_Excess_Pore_Pressure_Ratio.txt,2.762665,0.9534149999999999,PRJ2828\SKS02\SKS02_Processed_Data\EQM_1\EQM_1_Settlement.txt
SKS02,EQM_2,2,0.1582920714303957,0.17485976724069754,0.2019175719512586,4,SKS03,-0.04362550052086289,-0.027057804710561045,0.13858,3750,PRJ2828\SKS02\SKS02_Processed_Data\EQM_2\EQM_2_Input_Motion.txt,10,0.368005,0.7231279999999999,1.01822,PRJ2828\SKS02\SKS02_Processed_Data\EQM_2\EQM_2_Keller_Excess_Pore_Pressure_Ratio.txt,25.195085,5.258625,PRJ2828\SKS02\SKS02_Processed_Data\EQM_2\EQM_2_Settlement.txt
SKS02,EQM_3,2,0.1690762424801514,0.17468046908396606,0.19440662996481906,4,SKS03,-0.02533038748466765,-0.019726160880852994,0.23596,3750,PRJ2828\SKS02\SKS02_Processed_Data\EQM_3\EQM_3_Input_Motion.txt,10,0.7238899999999999,1.0188949999999999,1.1021,PRJ2828\SKS02\SKS02_Processed_Data\EQM_3\EQM_3_Keller_Excess_Pore_Pressure_Ratio.txt,72.309535,7.677810000000001,PRJ2828\SKS02\SKS02_Processed_Data\EQM_3\EQM_3_Settlement.txt
SKS02,EQM_4,2,0.10050750956844369,0.15655593929744888,0.19712908526669098,4,SKS03,-0.0966215756982473,-0.04057314596924211,0.12231,3750,PRJ2828\SKS02\SKS02_Processed_Data\EQM_4\EQM_4_Input_Motion.txt,10,0.224105,0.4363279999999998,0.92924,PRJ2828\SKS02\SKS02_Processed_Data\EQM_4\EQM_4_Keller_Excess_Pore_Pressure_Ratio.txt,26.97471,4.135585000000001,PRJ2828\SKS02\SKS02_Processed_Data\EQM_4\EQM_4_Settlement.txt
SKS02,EQM_5,2,0.1308464028490543,0.1824641138536447,0.19710214498151168,4,SKS03,-0.06625574213245738,-0.01463803112786699,0.31233,3750,PRJ2828\SKS02\SKS02_Processed_Data\EQM_5\EQM_5_Input_Motion.txt,10,0.825975,1.1516319999999998,1.72882,PRJ2828\SKS02\SKS02_Processed_Data\EQM_5\EQM_5_Keller_Excess_Pore_Pressure_Ratio.txt,84.69348,64.103765,PRJ2828\SKS02\SKS02_Processed_Data\EQM_5\EQM_5_Settlement.txt
SKS02,EQM_6,2,0.1287544245433955,0.16011884846655017,0.1921189191642671,4,SKS03,-0.0633644946208716,-0.03200007069771693,0.39314,11250,PRJ2828\SKS02\SKS02_Processed_Data\EQM_6\EQM_6_Input_Motion.txt,10,0.681195,1.019045,1.10387,PRJ2828\SKS02\SKS02_Processed_Data\EQM_6\EQM_6_Keller_Excess_Pore_Pressure_Ratio.txt,70.37016,35.349505,PRJ2828\SKS02\SKS02_Processed_Data\EQM_6\EQM_6_Settlement.txt
SKS03,EQM_1,2,0.0681063026303887,0.1681239877887308,0.12771250825255825,4,SKS02,-0.05960620562216956,0.04041147953617255,0.08533,3750,PRJ2828\SKS03\Processed_Data\EQM_1\EQM_1_Input_Motion.txt,11,0.27178,1.13582,1.16973,PRJ2828\SKS03\Processed_Data\EQM_1\EQM_1_Keller_Excess_Pore_Pressure_Ratio.txt,,,
SKS03,EQM_2,2,0.05300429349682355,0.17891418080328295,0.13921685913470255,4,SKS02,-0.086212565637879,0.03969732166858039,0.12988,3750,PRJ2828\SKS03\Processed_Data\EQM_2\EQM_2_Input_Motion.txt,11,0.32848,1.15429,1.17911,PRJ2828\SKS03\Processed_Data\EQM_2\EQM_2_Keller_Excess_Pore_Pressure_Ratio.txt,,,
SKS03,EQM_3,2,0.04416913034676895,0.18626424982683143,0.14777917460571127,4,SKS02,-0.10361004425894232,0.03848507522112016,0.18197,3750,PRJ2828\SKS03\Processed_Data\EQM_3\EQM_3_Input_Motion.txt,11,0.46351,1.15321,1.18051,PRJ2828\SKS03\Processed_Data\EQM_3\EQM_3_Keller_Excess_Pore_Pressure_Ratio.txt,,,
SKS03,EQM_4,2,0.03520331740446915,0.20793888285102347,0.1524078792929203,4,SKS02,-0.11720456188845114,0.05553100355810317,0.4518,11250,PRJ2828\SKS03\Processed_Data\EQM_4\EQM_4_Input_Motion.txt,11,0.97209,1.23663,1.37256,PRJ2828\SKS03\Processed_Data\EQM_4\EQM_4_Keller_Excess_Pore_Pressure_Ratio.txt,,,
SKS03,EQM_5,2,0.08650399757972164,0.20537489285700283,0.1551237654995889,4,SKS02,-0.06861976791986725,0.05025112735741394,0.67726,11250,PRJ2828\SKS03\Processed_Data\EQM_5\EQM_5_Input_Motion.txt,11,1.05061,1.51094,1.64135,PRJ2828\SKS03\Processed_Data\EQM_5\EQM_5_Keller_Excess_Pore_Pressure_Ratio.txt,,,
