selection_test,evaluation_test,direction,event,additional_stations_b,metric,metric_label,candidate_event_value,uniform_event_value,paired_delta_candidate_minus_uniform
SKS03,SKS02,SKS03→SKS02,EQM_1,2,cluster_p90_nrmse,p90 profile NRMSE,0.25458698401944757,0.2127026720011137,0.04188431201833387
SKS03,SKS02,SKS03→SKS02,EQM_2,2,cluster_p90_nrmse,p90 profile NRMSE,0.26421878218494543,0.22287241702768784,0.04134636515725759
SKS03,SKS02,SKS03→SKS02,EQM_3,2,cluster_p90_nrmse,p90 profile NRMSE,0.2721772400457584,0.21097879683793885,0.06119844320781953
SKS03,SKS02,SKS03→SKS02,EQM_4,2,cluster_p90_nrmse,p90 profile NRMSE,0.2084011505345014,0.2529430940125892,-0.04454194347808779
SKS03,SKS02,SKS03→SKS02,EQM_5,2,cluster_p90_nrmse,p90 profile NRMSE,0.21062367161930096,0.22919700901482665,-0.01857333739552569
SKS03,SKS02,SKS03→SKS02,EQM_6,2,cluster_p90_nrmse,p90 profile NRMSE,0.2169544918383805,0.21190450936364,0.005049982474740505
SKS03,SKS02,SKS03→SKS02,EQM_1,2,cluster_p90_peak_load_relative_error,p90 peak-load relative error,0.26271811551027985,0.3866473945323809,-0.12392927902210105
SKS03,SKS02,SKS03→SKS02,EQM_2,2,cluster_p90_peak_load_relative_error,p90 peak-load relative error,0.27119139798412334,0.3910631605175613,-0.11987176253343795
SKS03,SKS02,SKS03→SKS02,EQM_3,2,cluster_p90_peak_load_relative_error,p90 peak-load relative error,0.36265944888625545,0.3544766927154741,0.008182756170781347
SKS03,SKS02,SKS03→SKS02,EQM_4,2,cluster_p90_peak_load_relative_error,p90 peak-load relative error,0.23832231481928567,0.4552261628951253,-0.21690384807583962
SKS03,SKS02,SKS03→SKS02,EQM_5,2,cluster_p90_peak_load_relative_error,p90 peak-load relative error,0.305720516729675,0.4097956097233235,-0.10407509299364853
SKS03,SKS02,SKS03→SKS02,EQM_6,2,cluster_p90_peak_load_relative_error,p90 peak-load relative error,0.3538306318252099,0.4141641272698689,-0.06033349544465899
SKS03,SKS02,SKS03→SKS02,EQM_1,2,cluster_p90_peak_depth_error_z_over_l,"p90 discrete peak-depth error, z/L",0.42857142857142855,0.2142857142857143,0.21428571428571425
SKS03,SKS02,SKS03→SKS02,EQM_2,2,cluster_p90_peak_depth_error_z_over_l,"p90 discrete peak-depth error, z/L",0.42857142857142855,0.2857142857142857,0.14285714285714285
SKS03,SKS02,SKS03→SKS02,EQM_3,2,cluster_p90_peak_depth_error_z_over_l,"p90 discrete peak-depth error, z/L",0.42857142857142855,0.2142857142857143,0.21428571428571425
SKS03,SKS02,SKS03→SKS02,EQM_4,2,cluster_p90_peak_depth_error_z_over_l,"p90 discrete peak-depth error, z/L",0.42857142857142855,0.2142857142857143,0.21428571428571425
SKS03,SKS02,SKS03→SKS02,EQM_5,2,cluster_p90_peak_depth_error_z_over_l,"p90 discrete peak-depth error, z/L",0.7142857142857142,0.2857142857142857,0.4285714285714285
SKS03,SKS02,SKS03→SKS02,EQM_6,2,cluster_p90_peak_depth_error_z_over_l,"p90 discrete peak-depth error, z/L",0.7142857142857142,0.2857142857142857,0.4285714285714285
SKS03,SKS02,SKS03→SKS02,EQM_1,3,cluster_p90_nrmse,p90 profile NRMSE,0.19778717250842695,0.1990762285558627,-0.0012890560474357604
SKS03,SKS02,SKS03→SKS02,EQM_2,3,cluster_p90_nrmse,p90 profile NRMSE,0.20737898253767156,0.21197813222844952,-0.004599149690777959
SKS03,SKS02,SKS03→SKS02,EQM_3,3,cluster_p90_nrmse,p90 profile NRMSE,0.2025006090159742,0.213648190526706,-0.011147581510731808
SKS03,SKS02,SKS03→SKS02,EQM_4,3,cluster_p90_nrmse,p90 profile NRMSE,0.19736083987325875,0.1987445837610953,-0.0013837438878365471
SKS03,SKS02,SKS03→SKS02,EQM_5,3,cluster_p90_nrmse,p90 profile NRMSE,0.17570510484556615,0.1985155305588065,-0.02281042571324035
SKS03,SKS02,SKS03→SKS02,EQM_6,3,cluster_p90_nrmse,p90 profile NRMSE,0.1877025498967997,0.19488332919182388,-0.007180779295024198
SKS03,SKS02,SKS03→SKS02,EQM_1,3,cluster_p90_peak_load_relative_error,p90 peak-load relative error,0.33482914132283437,0.2993068276634476,0.03552231365938674
SKS03,SKS02,SKS03→SKS02,EQM_2,3,cluster_p90_peak_load_relative_error,p90 peak-load relative error,0.3479026722156877,0.3113533970649589,0.03654927515072881
SKS03,SKS02,SKS03→SKS02,EQM_3,3,cluster_p90_peak_load_relative_error,p90 peak-load relative error,0.381699275818687,0.36322065882693033,0.01847861699175668
SKS03,SKS02,SKS03→SKS02,EQM_4,3,cluster_p90_peak_load_relative_error,p90 peak-load relative error,0.3229472134518236,0.26413670018099294,0.058810513270830644
SKS03,SKS02,SKS03→SKS02,EQM_5,3,cluster_p90_peak_load_relative_error,p90 peak-load relative error,0.3050875054812898,0.33137465008074896,-0.026287144599459134
SKS03,SKS02,SKS03→SKS02,EQM_6,3,cluster_p90_peak_load_relative_error,p90 peak-load relative error,0.3749499873902031,0.34966961043358125,0.02528037695662183
SKS03,SKS02,SKS03→SKS02,EQM_1,3,cluster_p90_peak_depth_error_z_over_l,"p90 discrete peak-depth error, z/L",0.42857142857142855,0.35714285714285715,0.0714285714285714
SKS03,SKS02,SKS03→SKS02,EQM_2,3,cluster_p90_peak_depth_error_z_over_l,"p90 discrete peak-depth error, z/L",0.5714285714285714,0.35714285714285715,0.21428571428571425
SKS03,SKS02,SKS03→SKS02,EQM_3,3,cluster_p90_peak_depth_error_z_over_l,"p90 discrete peak-depth error, z/L",0.42857142857142855,0.35714285714285715,0.0714285714285714
SKS03,SKS02,SKS03→SKS02,EQM_4,3,cluster_p90_peak_depth_error_z_over_l,"p90 discrete peak-depth error, z/L",0.7142857142857142,0.35714285714285715,0.35714285714285704
SKS03,SKS02,SKS03→SKS02,EQM_5,3,cluster_p90_peak_depth_error_z_over_l,"p90 discrete peak-depth error, z/L",0.7142857142857142,0.5714285714285714,0.1428571428571428
SKS03,SKS02,SKS03→SKS02,EQM_6,3,cluster_p90_peak_depth_error_z_over_l,"p90 discrete peak-depth error, z/L",0.7142857142857142,0.5714285714285714,0.1428571428571428
SKS03,SKS02,SKS03→SKS02,EQM_1,4,cluster_p90_nrmse,p90 profile NRMSE,0.1461635186546904,0.18903626084190506,-0.04287274218721465
SKS03,SKS02,SKS03→SKS02,EQM_2,4,cluster_p90_nrmse,p90 profile NRMSE,0.1582920714303957,0.2019175719512586,-0.04362550052086289
SKS03,SKS02,SKS03→SKS02,EQM_3,4,cluster_p90_nrmse,p90 profile NRMSE,0.1690762424801514,0.19440662996481906,-0.02533038748466765
SKS03,SKS02,SKS03→SKS02,EQM_4,4,cluster_p90_nrmse,p90 profile NRMSE,0.10050750956844369,0.19712908526669098,-0.0966215756982473
SKS03,SKS02,SKS03→SKS02,EQM_5,4,cluster_p90_nrmse,p90 profile NRMSE,0.1308464028490543,0.19710214498151168,-0.06625574213245738
SKS03,SKS02,SKS03→SKS02,EQM_6,4,cluster_p90_nrmse,p90 profile NRMSE,0.1287544245433955,0.1921189191642671,-0.0633644946208716
SKS03,SKS02,SKS03→SKS02,EQM_1,4,cluster_p90_peak_load_relative_error,p90 peak-load relative error,0.0,0.2993068276634476,-0.2993068276634476
SKS03,SKS02,SKS03→SKS02,EQM_2,4,cluster_p90_peak_load_relative_error,p90 peak-load relative error,0.0,0.31128547672370954,-0.31128547672370954
SKS03,SKS02,SKS03→SKS02,EQM_3,4,cluster_p90_peak_load_relative_error,p90 peak-load relative error,0.0,0.32742255313541657,-0.32742255313541657
SKS03,SKS02,SKS03→SKS02,EQM_4,4,cluster_p90_peak_load_relative_error,p90 peak-load relative error,0.0,0.26413670018099294,-0.26413670018099294
SKS03,SKS02,SKS03→SKS02,EQM_5,4,cluster_p90_peak_load_relative_error,p90 peak-load relative error,0.0,0.3281021198347705,-0.3281021198347705
SKS03,SKS02,SKS03→SKS02,EQM_6,4,cluster_p90_peak_load_relative_error,p90 peak-load relative error,0.0,0.34966961043358125,-0.34966961043358125
SKS03,SKS02,SKS03→SKS02,EQM_1,4,cluster_p90_peak_depth_error_z_over_l,"p90 discrete peak-depth error, z/L",0.0,0.35714285714285715,-0.35714285714285715
SKS03,SKS02,SKS03→SKS02,EQM_2,4,cluster_p90_peak_depth_error_z_over_l,"p90 discrete peak-depth error, z/L",0.0,0.35714285714285715,-0.35714285714285715
SKS03,SKS02,SKS03→SKS02,EQM_3,4,cluster_p90_peak_depth_error_z_over_l,"p90 discrete peak-depth error, z/L",0.0,0.2142857142857143,-0.2142857142857143
SKS03,SKS02,SKS03→SKS02,EQM_4,4,cluster_p90_peak_depth_error_z_over_l,"p90 discrete peak-depth error, z/L",0.0,0.35714285714285715,-0.35714285714285715
SKS03,SKS02,SKS03→SKS02,EQM_5,4,cluster_p90_peak_depth_error_z_over_l,"p90 discrete peak-depth error, z/L",0.0,0.42857142857142855,-0.42857142857142855
SKS03,SKS02,SKS03→SKS02,EQM_6,4,cluster_p90_peak_depth_error_z_over_l,"p90 discrete peak-depth error, z/L",0.0,0.5714285714285714,-0.5714285714285714
SKS03,SKS02,SKS03→SKS02,EQM_1,5,cluster_p90_nrmse,p90 profile NRMSE,0.1433209618013022,0.1433209618013022,0.0
SKS03,SKS02,SKS03→SKS02,EQM_2,5,cluster_p90_nrmse,p90 profile NRMSE,0.15281621755187108,0.15281621755187108,0.0
SKS03,SKS02,SKS03→SKS02,EQM_3,5,cluster_p90_nrmse,p90 profile NRMSE,0.16233002062582033,0.16233002062582033,0.0
SKS03,SKS02,SKS03→SKS02,EQM_4,5,cluster_p90_nrmse,p90 profile NRMSE,0.0974110033681247,0.0974110033681247,0.0
SKS03,SKS02,SKS03→SKS02,EQM_5,5,cluster_p90_nrmse,p90 profile NRMSE,0.1289338953741574,0.1289338953741574,0.0
SKS03,SKS02,SKS03→SKS02,EQM_6,5,cluster_p90_nrmse,p90 profile NRMSE,0.1270914478111035,0.1270914478111035,0.0
SKS03,SKS02,SKS03→SKS02,EQM_1,5,cluster_p90_peak_load_relative_error,p90 peak-load relative error,0.0,0.0,0.0
SKS03,SKS02,SKS03→SKS02,EQM_2,5,cluster_p90_peak_load_relative_error,p90 peak-load relative error,0.0,0.0,0.0
SKS03,SKS02,SKS03→SKS02,EQM_3,5,cluster_p90_peak_load_relative_error,p90 peak-load relative error,0.0,0.0,0.0
SKS03,SKS02,SKS03→SKS02,EQM_4,5,cluster_p90_peak_load_relative_error,p90 peak-load relative error,0.0,0.0,0.0
SKS03,SKS02,SKS03→SKS02,EQM_5,5,cluster_p90_peak_load_relative_error,p90 peak-load relative error,0.0,0.0,0.0
SKS03,SKS02,SKS03→SKS02,EQM_6,5,cluster_p90_peak_load_relative_error,p90 peak-load relative error,0.0,0.0,0.0
SKS03,SKS02,SKS03→SKS02,EQM_1,5,cluster_p90_peak_depth_error_z_over_l,"p90 discrete peak-depth error, z/L",0.0,0.0,0.0
SKS03,SKS02,SKS03→SKS02,EQM_2,5,cluster_p90_peak_depth_error_z_over_l,"p90 discrete peak-depth error, z/L",0.0,0.0,0.0
SKS03,SKS02,SKS03→SKS02,EQM_3,5,cluster_p90_peak_depth_error_z_over_l,"p90 discrete peak-depth error, z/L",0.0,0.0,0.0
SKS03,SKS02,SKS03→SKS02,EQM_4,5,cluster_p90_peak_depth_error_z_over_l,"p90 discrete peak-depth error, z/L",0.0,0.0,0.0
SKS03,SKS02,SKS03→SKS02,EQM_5,5,cluster_p90_peak_depth_error_z_over_l,"p90 discrete peak-depth error, z/L",0.0,0.0,0.0
SKS03,SKS02,SKS03→SKS02,EQM_6,5,cluster_p90_peak_depth_error_z_over_l,"p90 discrete peak-depth error, z/L",0.0,0.0,0.0
SKS02,SKS03,SKS02→SKS03,EQM_1,2,cluster_p90_nrmse,p90 profile NRMSE,0.13026806686853865,0.23024907637267517,-0.09998100950413652
SKS02,SKS03,SKS02→SKS03,EQM_2,2,cluster_p90_nrmse,p90 profile NRMSE,0.1352460575742917,0.25083962724641173,-0.11559356967212003
SKS02,SKS03,SKS02→SKS03,EQM_3,2,cluster_p90_nrmse,p90 profile NRMSE,0.12568177348965645,0.27918867932158387,-0.15350690583192741
SKS02,SKS03,SKS02→SKS03,EQM_4,2,cluster_p90_nrmse,p90 profile NRMSE,0.1343709486403481,0.2932916126274073,-0.15892066398705923
SKS02,SKS03,SKS02→SKS03,EQM_5,2,cluster_p90_nrmse,p90 profile NRMSE,0.21140165884052256,0.2897737659881906,-0.07837210714766804
SKS02,SKS03,SKS02→SKS03,EQM_1,2,cluster_p90_peak_load_relative_error,p90 peak-load relative error,0.06360599670542835,0.0821243093240861,-0.018518312618657745
SKS02,SKS03,SKS02→SKS03,EQM_2,2,cluster_p90_peak_load_relative_error,p90 peak-load relative error,0.0527967653583305,0.11363444806206194,-0.06083768270373144
SKS02,SKS03,SKS02→SKS03,EQM_3,2,cluster_p90_peak_load_relative_error,p90 peak-load relative error,0.05593149868012675,0.19939248528404466,-0.1434609866039179
SKS02,SKS03,SKS02→SKS03,EQM_4,2,cluster_p90_peak_load_relative_error,p90 peak-load relative error,0.01494258389234225,0.12624539247588684,-0.11130280858354459
SKS02,SKS03,SKS02→SKS03,EQM_5,2,cluster_p90_peak_load_relative_error,p90 peak-load relative error,0.00645303769523615,0.1145105007036248,-0.10805746300838864
SKS02,SKS03,SKS02→SKS03,EQM_1,2,cluster_p90_peak_depth_error_z_over_l,"p90 discrete peak-depth error, z/L",0.1428571428571428,0.1428571428571428,0.0
SKS02,SKS03,SKS02→SKS03,EQM_2,2,cluster_p90_peak_depth_error_z_over_l,"p90 discrete peak-depth error, z/L",0.1428571428571428,0.1428571428571428,0.0
SKS02,SKS03,SKS02→SKS03,EQM_3,2,cluster_p90_peak_depth_error_z_over_l,"p90 discrete peak-depth error, z/L",0.2142857142857142,0.21428571428571425,-5.551115123125783e-17
SKS02,SKS03,SKS02→SKS03,EQM_4,2,cluster_p90_peak_depth_error_z_over_l,"p90 discrete peak-depth error, z/L",0.1428571428571428,0.1428571428571428,0.0
SKS02,SKS03,SKS02→SKS03,EQM_5,2,cluster_p90_peak_depth_error_z_over_l,"p90 discrete peak-depth error, z/L",0.21428571428571425,0.28571428571428564,-0.0714285714285714
SKS02,SKS03,SKS02→SKS03,EQM_1,3,cluster_p90_nrmse,p90 profile NRMSE,0.09895492686064,0.1412397980865316,-0.042284871225891585
SKS02,SKS03,SKS02→SKS03,EQM_2,3,cluster_p90_nrmse,p90 profile NRMSE,0.09797233267943675,0.1419427172681408,-0.04397038458870406
SKS02,SKS03,SKS02→SKS03,EQM_3,3,cluster_p90_nrmse,p90 profile NRMSE,0.0941541075885583,0.14924807600873055,-0.05509396842017225
SKS02,SKS03,SKS02→SKS03,EQM_4,3,cluster_p90_nrmse,p90 profile NRMSE,0.071360027973593,0.15196508764937475,-0.08060505967578174
SKS02,SKS03,SKS02→SKS03,EQM_5,3,cluster_p90_nrmse,p90 profile NRMSE,0.10398976103780279,0.17960361123072105,-0.07561385019291826
SKS02,SKS03,SKS02→SKS03,EQM_1,3,cluster_p90_peak_load_relative_error,p90 peak-load relative error,0.09701591878749374,0.07472908308097245,0.02228683570652129
SKS02,SKS03,SKS02→SKS03,EQM_2,3,cluster_p90_peak_load_relative_error,p90 peak-load relative error,0.04784424795446825,0.0338711816486325,0.013973066305835745
SKS02,SKS03,SKS02→SKS03,EQM_3,3,cluster_p90_peak_load_relative_error,p90 peak-load relative error,0.01294688621131515,0.0,0.01294688621131515
SKS02,SKS03,SKS02→SKS03,EQM_4,3,cluster_p90_peak_load_relative_error,p90 peak-load relative error,0.0480594759017366,0.04163695336023485,0.006422522541501746
SKS02,SKS03,SKS02→SKS03,EQM_5,3,cluster_p90_peak_load_relative_error,p90 peak-load relative error,0.11850657109090305,0.12556104629265236,-0.007054475201749302
SKS02,SKS03,SKS02→SKS03,EQM_1,3,cluster_p90_peak_depth_error_z_over_l,"p90 discrete peak-depth error, z/L",0.14285714285714285,0.0714285714285714,0.07142857142857145
SKS02,SKS03,SKS02→SKS03,EQM_2,3,cluster_p90_peak_depth_error_z_over_l,"p90 discrete peak-depth error, z/L",0.14285714285714285,0.0714285714285714,0.07142857142857145
SKS02,SKS03,SKS02→SKS03,EQM_3,3,cluster_p90_peak_depth_error_z_over_l,"p90 discrete peak-depth error, z/L",0.0714285714285714,0.0,0.0714285714285714
SKS02,SKS03,SKS02→SKS03,EQM_4,3,cluster_p90_peak_depth_error_z_over_l,"p90 discrete peak-depth error, z/L",0.28571428571428564,0.2142857142857142,0.07142857142857145
SKS02,SKS03,SKS02→SKS03,EQM_5,3,cluster_p90_peak_depth_error_z_over_l,"p90 discrete peak-depth error, z/L",0.3571428571428571,0.21428571428571425,0.14285714285714285
SKS02,SKS03,SKS02→SKS03,EQM_1,4,cluster_p90_nrmse,p90 profile NRMSE,0.0681063026303887,0.12771250825255825,-0.05960620562216956
SKS02,SKS03,SKS02→SKS03,EQM_2,4,cluster_p90_nrmse,p90 profile NRMSE,0.05300429349682355,0.13921685913470255,-0.086212565637879
SKS02,SKS03,SKS02→SKS03,EQM_3,4,cluster_p90_nrmse,p90 profile NRMSE,0.04416913034676895,0.14777917460571127,-0.10361004425894232
SKS02,SKS03,SKS02→SKS03,EQM_4,4,cluster_p90_nrmse,p90 profile NRMSE,0.03520331740446915,0.1524078792929203,-0.11720456188845114
SKS02,SKS03,SKS02→SKS03,EQM_5,4,cluster_p90_nrmse,p90 profile NRMSE,0.08650399757972164,0.1551237654995889,-0.06861976791986725
SKS02,SKS03,SKS02→SKS03,EQM_1,4,cluster_p90_peak_load_relative_error,p90 peak-load relative error,0.09701591878749374,0.0358127725748409,0.06120314621265285
SKS02,SKS03,SKS02→SKS03,EQM_2,4,cluster_p90_peak_load_relative_error,p90 peak-load relative error,0.04784424795446825,0.03371683953974805,0.014127408414720197
SKS02,SKS03,SKS02→SKS03,EQM_3,4,cluster_p90_peak_load_relative_error,p90 peak-load relative error,0.01294688621131515,0.0,0.01294688621131515
SKS02,SKS03,SKS02→SKS03,EQM_4,4,cluster_p90_peak_load_relative_error,p90 peak-load relative error,0.0480594759017366,0.03702583436840015,0.011033641533336448
SKS02,SKS03,SKS02→SKS03,EQM_5,4,cluster_p90_peak_load_relative_error,p90 peak-load relative error,0.11850657109090305,0.055793478458713304,0.06271309263218974
SKS02,SKS03,SKS02→SKS03,EQM_1,4,cluster_p90_peak_depth_error_z_over_l,"p90 discrete peak-depth error, z/L",0.14285714285714285,0.0714285714285714,0.07142857142857145
SKS02,SKS03,SKS02→SKS03,EQM_2,4,cluster_p90_peak_depth_error_z_over_l,"p90 discrete peak-depth error, z/L",0.14285714285714285,0.0714285714285714,0.07142857142857145
SKS02,SKS03,SKS02→SKS03,EQM_3,4,cluster_p90_peak_depth_error_z_over_l,"p90 discrete peak-depth error, z/L",0.0714285714285714,0.0,0.0714285714285714
SKS02,SKS03,SKS02→SKS03,EQM_4,4,cluster_p90_peak_depth_error_z_over_l,"p90 discrete peak-depth error, z/L",0.28571428571428564,0.1428571428571428,0.14285714285714285
SKS02,SKS03,SKS02→SKS03,EQM_5,4,cluster_p90_peak_depth_error_z_over_l,"p90 discrete peak-depth error, z/L",0.3571428571428571,0.1428571428571428,0.2142857142857143
SKS02,SKS03,SKS02→SKS03,EQM_1,5,cluster_p90_nrmse,p90 profile NRMSE,0.0236988605401595,0.03676364024233595,-0.013064779702176451
SKS02,SKS03,SKS02→SKS03,EQM_2,5,cluster_p90_nrmse,p90 profile NRMSE,0.0312189395020017,0.0354261224245807,-0.004207182922579
SKS02,SKS03,SKS02→SKS03,EQM_3,5,cluster_p90_nrmse,p90 profile NRMSE,0.0481351231198071,0.02812844222006785,0.020006680899739247
SKS02,SKS03,SKS02→SKS03,EQM_4,5,cluster_p90_nrmse,p90 profile NRMSE,0.0360132381369009,0.011628106986863649,0.024385131150037254
SKS02,SKS03,SKS02→SKS03,EQM_5,5,cluster_p90_nrmse,p90 profile NRMSE,0.03530947878734205,0.03577583987375925,-0.00046636108641719826
SKS02,SKS03,SKS02→SKS03,EQM_1,5,cluster_p90_peak_load_relative_error,p90 peak-load relative error,0.0358127725748409,0.0234690106568693,0.012343761917971596
SKS02,SKS03,SKS02→SKS03,EQM_2,5,cluster_p90_peak_load_relative_error,p90 peak-load relative error,0.04764996887531305,0.0320540523850192,0.015595916490293855
SKS02,SKS03,SKS02→SKS03,EQM_3,5,cluster_p90_peak_load_relative_error,p90 peak-load relative error,0.01294688621131515,0.03798191881230275,-0.0250350326009876
SKS02,SKS03,SKS02→SKS03,EQM_4,5,cluster_p90_peak_load_relative_error,p90 peak-load relative error,0.043359222089750696,0.0134202064699198,0.029939015619830894
SKS02,SKS03,SKS02→SKS03,EQM_5,5,cluster_p90_peak_load_relative_error,p90 peak-load relative error,0.0542919678000206,0.0,0.0542919678000206
SKS02,SKS03,SKS02→SKS03,EQM_1,5,cluster_p90_peak_depth_error_z_over_l,"p90 discrete peak-depth error, z/L",0.0714285714285714,0.07142857142857145,-5.551115123125783e-17
SKS02,SKS03,SKS02→SKS03,EQM_2,5,cluster_p90_peak_depth_error_z_over_l,"p90 discrete peak-depth error, z/L",0.14285714285714285,0.07142857142857145,0.0714285714285714
SKS02,SKS03,SKS02→SKS03,EQM_3,5,cluster_p90_peak_depth_error_z_over_l,"p90 discrete peak-depth error, z/L",0.0714285714285714,0.1428571428571428,-0.0714285714285714
SKS02,SKS03,SKS02→SKS03,EQM_4,5,cluster_p90_peak_depth_error_z_over_l,"p90 discrete peak-depth error, z/L",0.21428571428571425,0.07142857142857145,0.1428571428571428
SKS02,SKS03,SKS02→SKS03,EQM_5,5,cluster_p90_peak_depth_error_z_over_l,"p90 discrete peak-depth error, z/L",0.21428571428571425,0.0,0.21428571428571425
