test,event,pile,source_file,bytes,rows,complete_rows,time_min_start,time_min_end,median_dt_s,moving_mean_window_rows,moving_mean_window_s,sampled_snapshots,missing_fraction,gage_count,gage_columns_present,missing_required_columns,usable_common_eight_gage_reference,exclusion_reason,time_status
SKS02,Day_1_Spin_1,1,PRJ2828\SKS02\SKS02_Processed_Data\Day_1_Spin_1\Day_1_Spin_1_Pile_1_Axial_Load.txt,166607,1500,1500,0.0,24.98405,1.0001999999999711,1,0.0,120,0.0,9,Gage1[MN];Gage2[MN];Gage3[MN];Gage4[MN];Gage5[MN];Gage6[MN];Gage7[MN];Gage8[MN];Gage9[MN],,True,,provided
SKS02,Day_1_Spin_1,2,PRJ2828\SKS02\SKS02_Processed_Data\Day_1_Spin_1\Day_1_Spin_1_Pile_2_Axial_Load.txt,166607,1500,1500,0.0,24.98405,1.0001999999999711,1,0.0,120,0.0,9,Gage1[MN];Gage2[MN];Gage3[MN];Gage4[MN];Gage5[MN];Gage6[MN];Gage7[MN];Gage8[MN];Gage9[MN],,True,,provided
SKS02,Day_1_Spin_2,1,PRJ2828\SKS02\SKS02_Processed_Data\Day_1_Spin_2\Day_1_Spin_2_Pile_1_Axial_Load.txt,1198907,10800,10800,0.0,179.98813,1.0001999999998645,1,0.0,120,0.0,9,Gage1[MN];Gage2[MN];Gage3[MN];Gage4[MN];Gage5[MN];Gage6[MN];Gage7[MN];Gage8[MN];Gage9[MN],,True,,provided
SKS02,Day_1_Spin_2,2,PRJ2828\SKS02\SKS02_Processed_Data\Day_1_Spin_2\Day_1_Spin_2_Pile_2_Axial_Load.txt,1198907,10800,10800,0.0,179.98813,1.0001999999998645,1,0.0,120,0.0,9,Gage1[MN];Gage2[MN];Gage3[MN];Gage4[MN];Gage5[MN];Gage6[MN];Gage7[MN];Gage8[MN];Gage9[MN],,True,,provided
SKS02,Day_2_Spin_1,1,PRJ2828\SKS02\SKS02_Processed_Data\Day_2_Spin_1\Day_2_Spin_1_Pile_1_Axial_Load.txt,53387,480,480,0.0,7.9836,0.9996000000000471,1,0.0,120,0.0,9,Gage1[MN];Gage2[MN];Gage3[MN];Gage4[MN];Gage5[MN];Gage6[MN];Gage7[MN];Gage8[MN];Gage9[MN],,True,,provided
SKS02,Day_2_Spin_1,2,PRJ2828\SKS02\SKS02_Processed_Data\Day_2_Spin_1\Day_2_Spin_1_Pile_2_Axial_Load.txt,53387,480,480,0.0,7.9836,0.9996000000000471,1,0.0,120,0.0,9,Gage1[MN];Gage2[MN];Gage3[MN];Gage4[MN];Gage5[MN];Gage6[MN];Gage7[MN];Gage8[MN];Gage9[MN],,True,,provided
SKS02,Day_2_Spin_2,1,PRJ2828\SKS02\SKS02_Processed_Data\Day_2_Spin_2\Day_2_Spin_2_Pile_1_Axial_Load.txt,1465307,13200,13200,0.0,219.98976,1.0001999999998645,1,0.0,120,0.0,9,Gage1[MN];Gage2[MN];Gage3[MN];Gage4[MN];Gage5[MN];Gage6[MN];Gage7[MN];Gage8[MN];Gage9[MN],,True,,provided
SKS02,Day_2_Spin_2,2,PRJ2828\SKS02\SKS02_Processed_Data\Day_2_Spin_2\Day_2_Spin_2_Pile_2_Axial_Load.txt,1465307,13200,13200,0.0,219.98976,1.0001999999998645,1,0.0,120,0.0,9,Gage1[MN];Gage2[MN];Gage3[MN];Gage4[MN];Gage5[MN];Gage6[MN];Gage7[MN];Gage8[MN];Gage9[MN],,True,,provided
SKS02,EQM_1,1,PRJ2828\SKS02\SKS02_Processed_Data\EQM_1\EQM_1_Pile_1_Axial_Load.txt,4693403,42282,42282,0.0,719.51537,0.00780000000000447,769,6.0,120,0.0,9,Gage1[MN];Gage2[MN];Gage3[MN];Gage4[MN];Gage5[MN];Gage6[MN];Gage7[MN];Gage8[MN];Gage9[MN],,True,,provided
SKS02,EQM_1,2,PRJ2828\SKS02\SKS02_Processed_Data\EQM_1\EQM_1_Pile_2_Axial_Load.txt,4693412,42282,42282,0.0,719.51537,0.00780000000000447,385,3.0,120,0.0,9,Gage1[MN];Gage2[MN];Gage3[MN];Gage4[MN];Gage5[MN];Gage6[MN];Gage7[MN];Gage8[MN];Gage9[MN],,True,,provided
SKS02,EQM_2,1,PRJ2828\SKS02\SKS02_Processed_Data\EQM_2\EQM_2_Pile_1_Axial_Load.txt,45232712,407501,407501,0.0,719.55235,0.007800000000024454,769,6.0,120,0.0,9,Gage1[MN];Gage2[MN];Gage3[MN];Gage4[MN];Gage5[MN];Gage6[MN];Gage7[MN];Gage8[MN];Gage9[MN],,True,,provided
SKS02,EQM_2,2,PRJ2828\SKS02\SKS02_Processed_Data\EQM_2\EQM_2_Pile_2_Axial_Load.txt,45232721,407501,407501,0.0,719.55235,0.007800000000024454,385,3.0,120,0.0,9,Gage1[MN];Gage2[MN];Gage3[MN];Gage4[MN];Gage5[MN];Gage6[MN];Gage7[MN];Gage8[MN];Gage9[MN],,True,,provided
SKS02,EQM_3,1,PRJ2828\SKS02\SKS02_Processed_Data\EQM_3\EQM_3_Pile_1_Axial_Load.txt,34405772,309961,309961,0.0,719.21375,0.007800000000024454,769,6.0,120,0.0,9,Gage1[MN];Gage2[MN];Gage3[MN];Gage4[MN];Gage5[MN];Gage6[MN];Gage7[MN];Gage8[MN];Gage9[MN],,True,,provided
SKS02,EQM_3,2,PRJ2828\SKS02\SKS02_Processed_Data\EQM_3\EQM_3_Pile_2_Axial_Load.txt,34405781,309961,309961,0.0,719.21375,0.007800000000024454,385,3.0,120,0.0,9,Gage1[MN];Gage2[MN];Gage3[MN];Gage4[MN];Gage5[MN];Gage6[MN];Gage7[MN];Gage8[MN];Gage9[MN],,True,,provided
SKS02,EQM_4,1,PRJ2828\SKS02\SKS02_Processed_Data\EQM_4\EQM_4_Pile_1_Axial_Load.txt,4573967,41206,41206,0.0,719.37369,0.007800000000001139,769,6.0,120,0.0,9,Gage1[MN];Gage2[MN];Gage3[MN];Gage4[MN];Gage5[MN];Gage6[MN];Gage7[MN];Gage8[MN];Gage9[MN],,True,,provided
SKS02,EQM_4,2,PRJ2828\SKS02\SKS02_Processed_Data\EQM_4\EQM_4_Pile_2_Axial_Load.txt,4573976,41206,41206,0.0,719.37369,0.007800000000001139,385,3.0,120,0.0,9,Gage1[MN];Gage2[MN];Gage3[MN];Gage4[MN];Gage5[MN];Gage6[MN];Gage7[MN];Gage8[MN];Gage9[MN],,True,,provided
SKS02,EQM_5,1,PRJ2828\SKS02\SKS02_Processed_Data\EQM_5\EQM_5_Pile_1_Axial_Load.txt,4585178,41307,41307,0.0,719.39123,0.007800000000001139,769,6.0,120,0.0,9,Gage1[MN];Gage2[MN];Gage3[MN];Gage4[MN];Gage5[MN];Gage6[MN];Gage7[MN];Gage8[MN];Gage9[MN],,True,,provided
SKS02,EQM_5,2,PRJ2828\SKS02\SKS02_Processed_Data\EQM_5\EQM_5_Pile_2_Axial_Load.txt,4585187,41307,41307,0.0,719.39123,0.007800000000001139,385,3.0,120,0.0,9,Gage1[MN];Gage2[MN];Gage3[MN];Gage4[MN];Gage5[MN];Gage6[MN];Gage7[MN];Gage8[MN];Gage9[MN],,True,,provided
SKS02,EQM_6,1,PRJ2828\SKS02\SKS02_Processed_Data\EQM_6\EQM_6_Pile_1_Axial_Load.txt,4575197,41217,41217,0.0,719.37532,0.007800000000001139,769,6.0,120,0.0,9,Gage1[MN];Gage2[MN];Gage3[MN];Gage4[MN];Gage5[MN];Gage6[MN];Gage7[MN];Gage8[MN];Gage9[MN],,True,,provided
SKS02,EQM_6,2,PRJ2828\SKS02\SKS02_Processed_Data\EQM_6\EQM_6_Pile_2_Axial_Load.txt,4575197,41217,41217,0.0,719.37532,0.007800000000001139,385,3.0,120,0.0,9,Gage1[MN];Gage2[MN];Gage3[MN];Gage4[MN];Gage5[MN];Gage6[MN];Gage7[MN];Gage8[MN];Gage9[MN],,True,,provided
SKS03,Day_1_Spin_1,1,PRJ2828\SKS03\Processed_Data\Day_1_Spin_1\Day_1_Spin_1_Pile_1_Axial_Load.txt,361871,5400,0,,,,0,0.0,0,,6,Gage1[MN];Gage3[MN];Gage5[MN];Gage6[MN];Gage7[MN];Gage8[MN],Gage4[MN];Gage2[MN],False,incomplete common eight-gage grid,not assessed
SKS03,Day_1_Spin_1,2,PRJ2828\SKS03\Processed_Data\Day_1_Spin_1\Day_1_Spin_1_Pile_2_Axial_Load.txt,480699,5400,0,,,,0,0.0,0,,8,Gage1[MN];Gage2[MN];Gage3[MN];Gage4[MN];Gage5[MN];Gage6[MN];Gage7[MN];Gage8[MN],,False,row field count 8 does not match header field count 9,time field omitted from data rows
SKS03,Day_1_Spin_1,3,PRJ2828\SKS03\Processed_Data\Day_1_Spin_1\Day_1_Spin_1_Pile_3_Axial_Load.txt,480699,5400,0,,,,0,0.0,0,,8,Gage1[MN];Gage2[MN];Gage3[MN];Gage4[MN];Gage5[MN];Gage6[MN];Gage7[MN];Gage8[MN],,False,row field count 8 does not match header field count 9,time field omitted from data rows
SKS03,Day_2_Spin_1,1,PRJ2828\SKS03\Processed_Data\Day_2_Spin_1\Day_2_Spin_1_Pile_1_Axial_Load.txt,627191,9360,0,,,,0,0.0,0,,6,Gage1[MN];Gage3[MN];Gage5[MN];Gage6[MN];Gage7[MN];Gage8[MN],Gage4[MN];Gage2[MN],False,incomplete common eight-gage grid,not assessed
SKS03,Day_2_Spin_1,2,PRJ2828\SKS03\Processed_Data\Day_2_Spin_1\Day_2_Spin_1_Pile_2_Axial_Load.txt,833139,9360,0,,,,0,0.0,0,,8,Gage1[MN];Gage2[MN];Gage3[MN];Gage4[MN];Gage5[MN];Gage6[MN];Gage7[MN];Gage8[MN],,False,row field count 8 does not match header field count 9,time field omitted from data rows
SKS03,Day_2_Spin_1,3,PRJ2828\SKS03\Processed_Data\Day_2_Spin_1\Day_2_Spin_1_Pile_3_Axial_Load.txt,833139,9360,0,,,,0,0.0,0,,8,Gage1[MN];Gage2[MN];Gage3[MN];Gage4[MN];Gage5[MN];Gage6[MN];Gage7[MN];Gage8[MN],,False,row field count 8 does not match header field count 9,time field omitted from data rows
SKS03,Day_2_Spin_2,1,PRJ2828\SKS03\Processed_Data\Day_2_Spin_2\Day_2_Spin_2_Pile_1_Axial_Load.txt,176951,2640,0,,,,0,0.0,0,,6,Gage1[MN];Gage3[MN];Gage5[MN];Gage6[MN];Gage7[MN];Gage8[MN],Gage4[MN];Gage2[MN],False,incomplete common eight-gage grid,not assessed
SKS03,Day_2_Spin_2,2,PRJ2828\SKS03\Processed_Data\Day_2_Spin_2\Day_2_Spin_2_Pile_2_Axial_Load.txt,235059,2640,0,,,,0,0.0,0,,8,Gage1[MN];Gage2[MN];Gage3[MN];Gage4[MN];Gage5[MN];Gage6[MN];Gage7[MN];Gage8[MN],,False,row field count 8 does not match header field count 9,time field omitted from data rows
SKS03,Day_2_Spin_2,3,PRJ2828\SKS03\Processed_Data\Day_2_Spin_2\Day_2_Spin_2_Pile_3_Axial_Load.txt,235059,2640,0,,,,0,0.0,0,,8,Gage1[MN];Gage2[MN];Gage3[MN];Gage4[MN];Gage5[MN];Gage6[MN];Gage7[MN];Gage8[MN],,False,row field count 8 does not match header field count 9,time field omitted from data rows
SKS03,EQM_1,1,PRJ2828\SKS03\Processed_Data\EQM_1\EQM_1_Pile_1_Axial_Load.txt,3421853,43869,0,,,,0,0.0,0,,6,Gage1[MN];Gage3[MN];Gage5[MN];Gage6[MN];Gage7[MN];Gage8[MN],Gage4[MN];Gage2[MN],False,incomplete common eight-gage grid,not assessed
SKS03,EQM_1,2,PRJ2828\SKS03\Processed_Data\EQM_1\EQM_1_Pile_2_Axial_Load.txt,4386999,43869,43869,0.0,539.42866,0.00780000000000447,385,3.0,120,0.0,8,Gage1[MN];Gage2[MN];Gage3[MN];Gage4[MN];Gage5[MN];Gage6[MN];Gage7[MN];Gage8[MN],,True,,provided
SKS03,EQM_1,3,PRJ2828\SKS03\Processed_Data\EQM_1\EQM_1_Pile_3_Axial_Load.txt,4386999,43869,43869,0.0,539.42866,0.00780000000000447,385,3.0,120,0.0,8,Gage1[MN];Gage2[MN];Gage3[MN];Gage4[MN];Gage5[MN];Gage6[MN];Gage7[MN];Gage8[MN],,True,,provided
SKS03,EQM_2,1,PRJ2828\SKS03\Processed_Data\EQM_2\EQM_2_Pile_1_Axial_Load.txt,3419201,43835,0,,,,0,0.0,0,,6,Gage1[MN];Gage3[MN];Gage5[MN];Gage6[MN];Gage7[MN];Gage8[MN],Gage4[MN];Gage2[MN],False,incomplete common eight-gage grid,not assessed
SKS03,EQM_2,2,PRJ2828\SKS03\Processed_Data\EQM_2\EQM_2_Pile_2_Axial_Load.txt,4383599,43835,43835,0.0,539.41501,0.00780000000000447,385,3.0,120,0.0,8,Gage1[MN];Gage2[MN];Gage3[MN];Gage4[MN];Gage5[MN];Gage6[MN];Gage7[MN];Gage8[MN],,True,,provided
SKS03,EQM_2,3,PRJ2828\SKS03\Processed_Data\EQM_2\EQM_2_Pile_3_Axial_Load.txt,4383599,43835,43835,0.0,539.41501,0.00780000000000447,385,3.0,120,0.0,8,Gage1[MN];Gage2[MN];Gage3[MN];Gage4[MN];Gage5[MN];Gage6[MN];Gage7[MN];Gage8[MN],,True,,provided
SKS03,EQM_3,1,PRJ2828\SKS03\Processed_Data\EQM_3\EQM_3_Pile_1_Axial_Load.txt,3216245,41233,0,,,,0,0.0,0,,6,Gage1[MN];Gage3[MN];Gage5[MN];Gage6[MN];Gage7[MN];Gage8[MN],Gage4[MN];Gage2[MN],False,incomplete common eight-gage grid,not assessed
SKS03,EQM_3,2,PRJ2828\SKS03\Processed_Data\EQM_3\EQM_3_Pile_2_Axial_Load.txt,4123399,41233,41233,0.0,539.07328,0.007800000000001139,385,3.0,120,0.0,8,Gage1[MN];Gage2[MN];Gage3[MN];Gage4[MN];Gage5[MN];Gage6[MN];Gage7[MN];Gage8[MN],,True,,provided
SKS03,EQM_3,3,PRJ2828\SKS03\Processed_Data\EQM_3\EQM_3_Pile_3_Axial_Load.txt,4123399,41233,41233,0.0,539.07328,0.007800000000001139,385,3.0,120,0.0,8,Gage1[MN];Gage2[MN];Gage3[MN];Gage4[MN];Gage5[MN];Gage6[MN];Gage7[MN];Gage8[MN],,True,,provided
SKS03,EQM_4,1,PRJ2828\SKS03\Processed_Data\EQM_4\EQM_4_Pile_1_Axial_Load.txt,3227477,41377,0,,,,0,0.0,0,,6,Gage1[MN];Gage3[MN];Gage5[MN];Gage6[MN];Gage7[MN];Gage8[MN],Gage4[MN];Gage2[MN],False,incomplete common eight-gage grid,not assessed
SKS03,EQM_4,2,PRJ2828\SKS03\Processed_Data\EQM_4\EQM_4_Pile_2_Axial_Load.txt,4137799,41377,41377,0.0,539.09086,0.007800000000001139,385,3.0,120,0.0,8,Gage1[MN];Gage2[MN];Gage3[MN];Gage4[MN];Gage5[MN];Gage6[MN];Gage7[MN];Gage8[MN],,True,,provided
SKS03,EQM_4,3,PRJ2828\SKS03\Processed_Data\EQM_4\EQM_4_Pile_3_Axial_Load.txt,4137799,41377,41377,0.0,539.09086,0.007800000000001139,385,3.0,120,0.0,8,Gage1[MN];Gage2[MN];Gage3[MN];Gage4[MN];Gage5[MN];Gage6[MN];Gage7[MN];Gage8[MN],,True,,provided
SKS03,EQM_5,1,PRJ2828\SKS03\Processed_Data\EQM_5\EQM_5_Pile_1_Axial_Load.txt,3610613,46289,0,,,,0,0.0,0,,6,Gage1[MN];Gage3[MN];Gage5[MN];Gage6[MN];Gage7[MN];Gage8[MN],Gage4[MN];Gage2[MN],False,incomplete common eight-gage grid,not assessed
SKS03,EQM_5,2,PRJ2828\SKS03\Processed_Data\EQM_5\EQM_5_Pile_2_Axial_Load.txt,4628999,46289,46289,0.0,539.07665,0.007800000000011131,385,3.0,120,0.0,8,Gage1[MN];Gage2[MN];Gage3[MN];Gage4[MN];Gage5[MN];Gage6[MN];Gage7[MN];Gage8[MN],,True,,provided
SKS03,EQM_5,3,PRJ2828\SKS03\Processed_Data\EQM_5\EQM_5_Pile_3_Axial_Load.txt,4628999,46289,46289,0.0,539.07665,0.007800000000011131,385,3.0,120,0.0,8,Gage1[MN];Gage2[MN];Gage3[MN];Gage4[MN];Gage5[MN];Gage6[MN];Gage7[MN];Gage8[MN],,True,,provided
