test,event,pile,layout,additional_stations_b,snapshots,cluster_median_nrmse,cluster_p90_nrmse,cluster_median_mae_mn,cluster_p90_peak_load_relative_error,cluster_p90_peak_depth_error_z_over_l
SKS02,EQM_1,1,pooled_robust_2,2,120,0.22074676301134674,0.22240807570935137,0.09113896618985695,0.20916673201006872,0.7142857142857142
SKS02,EQM_1,1,pooled_robust_3,3,120,0.18139529894903694,0.18371644780480226,0.08603170147919376,0.0,0.0
SKS02,EQM_1,1,pooled_robust_4,4,120,0.1247091547149216,0.12633651416981093,0.050587111508452534,0.0,0.0
SKS02,EQM_1,1,pooled_robust_5,5,120,0.030064775549365347,0.03101362367450867,0.008833817457737324,0.0,0.0
SKS02,EQM_1,1,static_transfer_2,2,120,0.3082373936621236,0.310912140384878,0.1418057050552666,0.0,0.0
SKS02,EQM_1,1,static_transfer_3,3,120,0.29819770527294254,0.30123692041098304,0.13069387597529258,0.0,0.0
SKS02,EQM_1,1,static_transfer_4,4,120,0.2765471465645135,0.27902226093211707,0.11396774463589077,0.0,0.0
SKS02,EQM_1,1,static_transfer_5,5,120,0.24057486696244254,0.24316780096841445,0.06715259224642392,0.0,0.0
SKS02,EQM_1,1,trained_SKS02_applied_all_2,2,120,0.22074676301134674,0.22240807570935137,0.09113896618985695,0.20916673201006872,0.7142857142857142
SKS02,EQM_1,1,trained_SKS02_applied_all_3,3,120,0.18139529894903694,0.18371644780480226,0.08603170147919376,0.0,0.0
SKS02,EQM_1,1,trained_SKS02_applied_all_4,4,120,0.1247091547149216,0.12633651416981093,0.050587111508452534,0.0,0.0
SKS02,EQM_1,1,trained_SKS02_applied_all_5,5,120,0.030064775549365347,0.03101362367450867,0.008833817457737324,0.0,0.0
SKS02,EQM_1,1,trained_SKS03_applied_all_2,2,120,0.3789293339034364,0.38206951787734045,0.1805276592977893,0.20916673201006872,0.7142857142857142
SKS02,EQM_1,1,trained_SKS03_applied_all_3,3,120,0.2189244074948703,0.22109740313064924,0.08574370204811443,0.20916673201006872,0.7142857142857142
SKS02,EQM_1,1,trained_SKS03_applied_all_4,4,120,0.24209825394103923,0.24454867939489683,0.07295562703185955,0.0,0.0
SKS02,EQM_1,1,trained_SKS03_applied_all_5,5,120,0.24057486696244254,0.24316780096841445,0.06715259224642392,0.0,0.0
SKS02,EQM_1,1,uniform_2,2,120,0.26228814833777475,0.2650719412353853,0.13759527904204596,0.3779209391388605,0.1428571428571429
SKS02,EQM_1,1,uniform_3,3,120,0.2569791175137992,0.25926081401073275,0.11317407834850457,0.2823441563164043,0.5714285714285714
SKS02,EQM_1,1,uniform_4,4,120,0.2376423585473496,0.2393052851755492,0.08833777877113136,0.2823441563164043,0.5714285714285714
SKS02,EQM_1,1,uniform_5,5,120,0.24057486696244254,0.24316780096841445,0.06715259224642392,0.0,0.0
SKS02,EQM_1,2,pooled_robust_2,2,120,0.1788611898808753,0.1794636047715083,0.11224383603896101,0.47361178421701905,0.42857142857142855
SKS02,EQM_1,2,pooled_robust_3,3,120,0.16565981821815998,0.1660122079077359,0.09109021103896102,0.0,0.0
SKS02,EQM_1,2,pooled_robust_4,4,120,0.032572102809849554,0.032986570226108916,0.02285117126623374,0.0,0.0
SKS02,EQM_1,2,pooled_robust_5,5,120,0.023306780631586657,0.023699549230890796,0.013683326298701295,0.0,0.0
SKS02,EQM_1,2,static_transfer_2,2,120,0.12574694686043653,0.12679563985286563,0.10456778327922077,0.0,0.0
SKS02,EQM_1,2,static_transfer_3,3,120,0.06469947078964267,0.0658197311480544,0.04386018831168829,0.0,0.0
SKS02,EQM_1,2,static_transfer_4,4,120,0.04515400315859828,0.045887791118990474,0.026151962391774884,0.0,0.0
SKS02,EQM_1,2,static_transfer_5,5,120,0.043125101504670416,0.04347412263419008,0.022419393668831167,0.0,0.0
SKS02,EQM_1,2,trained_SKS02_applied_all_2,2,120,0.1788611898808753,0.1794636047715083,0.11224383603896101,0.47361178421701905,0.42857142857142855
SKS02,EQM_1,2,trained_SKS02_applied_all_3,3,120,0.16565981821815998,0.1660122079077359,0.09109021103896102,0.0,0.0
SKS02,EQM_1,2,trained_SKS02_applied_all_4,4,120,0.032572102809849554,0.032986570226108916,0.02285117126623374,0.0,0.0
SKS02,EQM_1,2,trained_SKS02_applied_all_5,5,120,0.023306780631586657,0.023699549230890796,0.013683326298701295,0.0,0.0
SKS02,EQM_1,2,trained_SKS03_applied_all_2,2,120,0.1265284520167949,0.1271044501615547,0.09109021103896102,0.31626949901049106,0.1428571428571429
SKS02,EQM_1,2,trained_SKS03_applied_all_3,3,120,0.1743812213459393,0.17447694188620472,0.1072361737012987,0.46049155063560016,0.1428571428571429
SKS02,EQM_1,2,trained_SKS03_applied_all_4,4,120,0.047557896202236744,0.04777835791448405,0.031158974025974007,0.0,0.0
SKS02,EQM_1,2,trained_SKS03_applied_all_5,5,120,0.043125101504670416,0.04347412263419008,0.022419393668831167,0.0,0.0
SKS02,EQM_1,2,uniform_2,2,120,0.15988422525704676,0.16033340276684213,0.09382705194805194,0.39537384992590136,0.2857142857142857
SKS02,EQM_1,2,uniform_3,3,120,0.13817370976737517,0.13889164310099275,0.06970332711038962,0.31626949901049106,0.1428571428571429
SKS02,EQM_1,2,uniform_4,4,120,0.1380688703203235,0.13876723650826092,0.06752000568181818,0.31626949901049106,0.1428571428571429
SKS02,EQM_1,2,uniform_5,5,120,0.043125101504670416,0.04347412263419008,0.022419393668831167,0.0,0.0
SKS02,EQM_2,1,pooled_robust_2,2,120,0.2195495937450786,0.23580170639103606,0.10526250406371912,0.22656737099060517,0.7142857142857142
SKS02,EQM_2,1,pooled_robust_3,3,120,0.18691369000221542,0.20476655247110948,0.08505449772431731,0.0,0.0
SKS02,EQM_2,1,pooled_robust_4,4,120,0.12567976938714026,0.13399383525678546,0.047045855819245794,0.0,0.0
SKS02,EQM_2,1,pooled_robust_5,5,120,0.058445338358450845,0.05888675105839885,0.01942097122886866,0.0,0.0
SKS02,EQM_2,1,static_transfer_2,2,120,0.2970331112356457,0.3314331029634812,0.1407727787711313,0.0,0.0
SKS02,EQM_2,1,static_transfer_3,3,120,0.28201166082941825,0.3152966885934406,0.12364596797789336,0.0,0.0
SKS02,EQM_2,1,static_transfer_4,4,120,0.2756239838447627,0.3036136566559461,0.11781384793563066,0.0,0.0
SKS02,EQM_2,1,static_transfer_5,5,120,0.23934571734084598,0.2629781554041963,0.06988202942132639,0.0,0.0
SKS02,EQM_2,1,trained_SKS02_applied_all_2,2,120,0.2195495937450786,0.23580170639103606,0.10526250406371912,0.22656737099060517,0.7142857142857142
SKS02,EQM_2,1,trained_SKS02_applied_all_3,3,120,0.18691369000221542,0.20476655247110948,0.08505449772431731,0.0,0.0
SKS02,EQM_2,1,trained_SKS02_applied_all_4,4,120,0.12567976938714026,0.13399383525678546,0.047045855819245794,0.0,0.0
SKS02,EQM_2,1,trained_SKS02_applied_all_5,5,120,0.058445338358450845,0.05888675105839885,0.01942097122886866,0.0,0.0
SKS02,EQM_2,1,trained_SKS03_applied_all_2,2,120,0.364010741029943,0.39673281500332397,0.17433045188556567,0.22656737099060517,0.7142857142857142
SKS02,EQM_2,1,trained_SKS03_applied_all_3,3,120,0.21138208912797213,0.23369605697286594,0.09448288849154748,0.22656737099060517,0.7142857142857142
SKS02,EQM_2,1,trained_SKS03_applied_all_4,4,120,0.2459962795030517,0.2681170080053606,0.0850139227080624,0.0,0.0
SKS02,EQM_2,1,trained_SKS03_applied_all_5,5,120,0.23934571734084598,0.2629781554041963,0.06988202942132639,0.0,0.0
SKS02,EQM_2,1,uniform_2,2,120,0.2517445904211874,0.2795203844228485,0.13615770914607717,0.3853693750897296,0.2857142857142857
SKS02,EQM_2,1,uniform_3,3,120,0.25886015519629346,0.281213944824933,0.11437279218140445,0.30689136915227627,0.5714285714285714
SKS02,EQM_2,1,uniform_4,4,120,0.23893978970924135,0.2614660225864907,0.09610035801365407,0.30675552846977755,0.5714285714285714
SKS02,EQM_2,1,uniform_5,5,120,0.23934571734084598,0.2629781554041963,0.06988202942132639,0.0,0.0
SKS02,EQM_2,2,pooled_robust_2,2,120,0.1895079310457512,0.19262082183956591,0.12816638230519478,0.49168265751702434,0.42857142857142855
SKS02,EQM_2,2,pooled_robust_3,3,120,0.16277118650192407,0.17432601940572576,0.09566988717532471,0.0,0.0
SKS02,EQM_2,2,pooled_robust_4,4,120,0.03847231390558985,0.038769553188141306,0.027811384740259737,0.0,0.0
SKS02,EQM_2,2,pooled_robust_5,5,120,0.02517429816745711,0.025491476911907677,0.01524461525974026,0.0,0.0
SKS02,EQM_2,2,static_transfer_2,2,120,0.1249127754577474,0.13339130127530743,0.10857624675324674,0.0,0.0
SKS02,EQM_2,2,static_transfer_3,3,120,0.05444356124334271,0.06618671941029457,0.037830512987013024,0.0,0.0
SKS02,EQM_2,2,static_transfer_4,4,120,0.03711444086266008,0.046105877825449046,0.022032129870129882,0.0,0.0
SKS02,EQM_2,2,static_transfer_5,5,120,0.035641945064379135,0.042654279699545945,0.01901661363636363,0.0,0.0
SKS02,EQM_2,2,trained_SKS02_applied_all_2,2,120,0.1895079310457512,0.19262082183956591,0.12816638230519478,0.49168265751702434,0.42857142857142855
SKS02,EQM_2,2,trained_SKS02_applied_all_3,3,120,0.16277118650192407,0.17432601940572576,0.09566988717532471,0.0,0.0
SKS02,EQM_2,2,trained_SKS02_applied_all_4,4,120,0.03847231390558985,0.038769553188141306,0.027811384740259737,0.0,0.0
SKS02,EQM_2,2,trained_SKS02_applied_all_5,5,120,0.02517429816745711,0.025491476911907677,0.01524461525974026,0.0,0.0
SKS02,EQM_2,2,trained_SKS03_applied_all_2,2,120,0.1234022201829304,0.13170474936656693,0.09566988717532471,0.3158154249776416,0.1428571428571429
SKS02,EQM_2,2,trained_SKS03_applied_all_3,3,120,0.17577853029471113,0.18106190810247727,0.11264258766233767,0.4692379734407704,0.42857142857142855
SKS02,EQM_2,2,trained_SKS03_applied_all_4,4,120,0.04244528547573867,0.048467134855430846,0.029877131493506494,0.0,0.0
SKS02,EQM_2,2,trained_SKS03_applied_all_5,5,120,0.035641945064379135,0.042654279699545945,0.01901661363636363,0.0,0.0
SKS02,EQM_2,2,uniform_2,2,120,0.15901574452556394,0.16622444963252722,0.09833028409090909,0.3967569459453929,0.2857142857142857
SKS02,EQM_2,2,uniform_3,3,120,0.1325295346448262,0.142742319631966,0.07046134902597403,0.3158154249776416,0.1428571428571429
SKS02,EQM_2,2,uniform_4,4,120,0.13211348928636582,0.14236912131602658,0.06605765584415585,0.3158154249776416,0.1428571428571429
SKS02,EQM_2,2,uniform_5,5,120,0.035641945064379135,0.042654279699545945,0.01901661363636363,0.0,0.0
SKS02,EQM_3,1,pooled_robust_2,2,120,0.24050440622242458,0.24971271916129978,0.1561168786573472,0.3790370712692579,0.7142857142857142
SKS02,EQM_3,1,pooled_robust_3,3,120,0.19542746428075652,0.23149114370042728,0.10860483094928475,0.0,0.0
SKS02,EQM_3,1,pooled_robust_4,4,120,0.14691712289962086,0.17835062722534556,0.06424379917100129,0.0,0.0
SKS02,EQM_3,1,pooled_robust_5,5,120,0.08062830711326127,0.08303642578789897,0.035144521293888176,0.0,0.0
SKS02,EQM_3,1,static_transfer_2,2,120,0.2728033687184471,0.31395266404274935,0.14565030559167752,0.0,0.0
SKS02,EQM_3,1,static_transfer_3,3,120,0.2477524126054681,0.29411670636471016,0.1328761584308626,0.0,0.0
SKS02,EQM_3,1,static_transfer_4,4,120,0.2566488758765384,0.3030737758300293,0.12919972285435627,0.0,0.0
SKS02,EQM_3,1,static_transfer_5,5,120,0.23730203522808632,0.2799446960264155,0.08660758899544863,0.0,0.0
SKS02,EQM_3,1,trained_SKS02_applied_all_2,2,120,0.24050440622242458,0.24971271916129978,0.1561168786573472,0.3790370712692579,0.7142857142857142
SKS02,EQM_3,1,trained_SKS02_applied_all_3,3,120,0.19542746428075652,0.23149114370042728,0.10860483094928475,0.0,0.0
SKS02,EQM_3,1,trained_SKS02_applied_all_4,4,120,0.14691712289962086,0.17835062722534556,0.06424379917100129,0.0,0.0
SKS02,EQM_3,1,trained_SKS02_applied_all_5,5,120,0.08062830711326127,0.08303642578789897,0.035144521293888176,0.0,0.0
SKS02,EQM_3,1,trained_SKS03_applied_all_2,2,120,0.3628663085850749,0.41463397197432683,0.21972878738621587,0.3790370712692579,0.7142857142857142
SKS02,EQM_3,1,trained_SKS03_applied_all_3,3,120,0.20681977138255642,0.23859852365235842,0.12337919010078027,0.3630084459740059,0.7142857142857142
SKS02,EQM_3,1,trained_SKS03_applied_all_4,4,120,0.2503687079424207,0.2902260308125363,0.11646309289661899,0.0,0.0
SKS02,EQM_3,1,trained_SKS03_applied_all_5,5,120,0.23730203522808632,0.2799446960264155,0.08660758899544863,0.0,0.0
SKS02,EQM_3,1,uniform_2,2,120,0.2307489500487946,0.27052707643452617,0.15016296570221063,0.3085632797675801,0.2857142857142857
SKS02,EQM_3,1,uniform_3,3,120,0.2557494255794997,0.29338178586596436,0.13944151901820548,0.37952419989380215,0.5714285714285714
SKS02,EQM_3,1,uniform_4,4,120,0.22593883279540433,0.25562670934049864,0.1131589535923277,0.3085632797675801,0.2857142857142857
SKS02,EQM_3,1,uniform_5,5,120,0.23730203522808632,0.2799446960264155,0.08660758899544863,0.0,0.0
SKS02,EQM_3,2,pooled_robust_2,2,120,0.20680518824182662,0.2106577386219689,0.18432152597402593,0.5205749567144393,0.42857142857142855
SKS02,EQM_3,2,pooled_robust_3,3,120,0.14622642020551385,0.14702173225712425,0.11050900649350645,0.0,0.0
SKS02,EQM_3,2,pooled_robust_4,4,120,0.0403429565145641,0.04130906089138433,0.036556483766233744,0.0,0.0
SKS02,EQM_3,2,pooled_robust_5,5,120,0.022234355155529996,0.022807964074096722,0.016480193181818176,0.0,0.0
SKS02,EQM_3,2,static_transfer_2,2,120,0.12237565088675562,0.14895483581396596,0.13310541558441555,0.0,0.0
SKS02,EQM_3,2,static_transfer_3,3,120,0.05155290255878833,0.07433136255097432,0.04495908658008654,0.0,0.0
SKS02,EQM_3,2,static_transfer_4,4,120,0.03116197265260926,0.04628716233790285,0.02366022862554111,0.0,0.0
SKS02,EQM_3,2,static_transfer_5,5,120,0.030549997500077596,0.0447153452252252,0.020717040584415557,0.0,0.0
SKS02,EQM_3,2,trained_SKS02_applied_all_2,2,120,0.20680518824182662,0.2106577386219689,0.18432152597402593,0.5205749567144393,0.42857142857142855
SKS02,EQM_3,2,trained_SKS02_applied_all_3,3,120,0.14622642020551385,0.14702173225712425,0.11050900649350645,0.0,0.0
SKS02,EQM_3,2,trained_SKS02_applied_all_4,4,120,0.0403429565145641,0.04130906089138433,0.036556483766233744,0.0,0.0
SKS02,EQM_3,2,trained_SKS02_applied_all_5,5,120,0.022234355155529996,0.022807964074096722,0.016480193181818176,0.0,0.0
SKS02,EQM_3,2,trained_SKS03_applied_all_2,2,120,0.11669232710429905,0.12972050811719,0.11050900649350645,0.34628182650325307,0.1428571428571429
SKS02,EQM_3,2,trained_SKS03_applied_all_3,3,120,0.16415089263255517,0.16640269437959004,0.12829067775974023,0.4003901056633682,0.1428571428571429
SKS02,EQM_3,2,trained_SKS03_applied_all_4,4,120,0.036186226458491906,0.04792645414776651,0.03148230438311687,0.0,0.0
SKS02,EQM_3,2,trained_SKS03_applied_all_5,5,120,0.030549997500077596,0.0447153452252252,0.020717040584415557,0.0,0.0
SKS02,EQM_3,2,uniform_2,2,120,0.15090336532722587,0.15143051724135162,0.11449756980519478,0.4003901056633682,0.1428571428571429
SKS02,EQM_3,2,uniform_3,3,120,0.1233086873455547,0.13391459518744772,0.08270117938311691,0.3469171177600585,0.1428571428571429
SKS02,EQM_3,2,uniform_4,4,120,0.1224579292734592,0.13318655058913953,0.07400301948051947,0.34628182650325307,0.1428571428571429
SKS02,EQM_3,2,uniform_5,5,120,0.030549997500077596,0.0447153452252252,0.020717040584415557,0.0,0.0
SKS02,EQM_4,1,pooled_robust_2,2,120,0.19509467762098132,0.19680190981421208,0.12897237808842654,0.17774823737435252,0.7142857142857142
SKS02,EQM_4,1,pooled_robust_3,3,120,0.17275754269234556,0.17653358078352302,0.09001433883289989,0.0,0.0
SKS02,EQM_4,1,pooled_robust_4,4,120,0.034065498412890145,0.035610991242133495,0.021255819245773744,0.0,0.0
SKS02,EQM_4,1,pooled_robust_5,5,120,0.03328734941390114,0.03370679792144513,0.01883963616168184,0.0,0.0
SKS02,EQM_4,1,static_transfer_2,2,120,0.30753691629401936,0.3130381536172252,0.2507717469928479,0.0,0.0
SKS02,EQM_4,1,static_transfer_3,3,120,0.3061165499143207,0.3117522293208598,0.2370602552015605,0.0,0.0
SKS02,EQM_4,1,static_transfer_4,4,120,0.26872465845989013,0.27265855374056713,0.1866109736671001,0.0,0.0
SKS02,EQM_4,1,static_transfer_5,5,120,0.15945443743883736,0.16314196246669807,0.0777854014954486,0.0,0.0
SKS02,EQM_4,1,trained_SKS02_applied_all_2,2,120,0.19509467762098132,0.19680190981421208,0.12897237808842654,0.17774823737435252,0.7142857142857142
SKS02,EQM_4,1,trained_SKS02_applied_all_3,3,120,0.17275754269234556,0.17653358078352302,0.09001433883289989,0.0,0.0
SKS02,EQM_4,1,trained_SKS02_applied_all_4,4,120,0.034065498412890145,0.035610991242133495,0.021255819245773744,0.0,0.0
SKS02,EQM_4,1,trained_SKS02_applied_all_5,5,120,0.03328734941390114,0.03370679792144513,0.01883963616168184,0.0,0.0
SKS02,EQM_4,1,trained_SKS03_applied_all_2,2,120,0.2692834498797929,0.27345620804163984,0.15814800715214566,0.17774823737435252,0.7142857142857142
SKS02,EQM_4,1,trained_SKS03_applied_all_3,3,120,0.19444081826725662,0.19834013513986803,0.12815853502925878,0.17774823737435252,0.7142857142857142
SKS02,EQM_4,1,trained_SKS03_applied_all_4,4,120,0.15870649539248544,0.1623265004697801,0.08177476714889467,0.0,0.0
SKS02,EQM_4,1,trained_SKS03_applied_all_5,5,120,0.15945443743883736,0.16314196246669807,0.0777854014954486,0.0,0.0
SKS02,EQM_4,1,uniform_2,2,120,0.3173285660700382,0.32310656860170506,0.25948313705570003,0.4894638708100166,0.1428571428571429
SKS02,EQM_4,1,uniform_3,3,120,0.2435310742060342,0.24732204161752608,0.1469178795513654,0.22937700809776704,0.5714285714285714
SKS02,EQM_4,1,uniform_4,4,120,0.243435233919372,0.24729345198892164,0.14626959687906374,0.22937700809776704,0.5714285714285714
SKS02,EQM_4,1,uniform_5,5,120,0.15945443743883736,0.16314196246669807,0.0777854014954486,0.0,0.0
SKS02,EQM_4,2,pooled_robust_2,2,120,0.18798840834779906,0.19464910913057387,0.10380575243506493,0.46856207071132266,0.7142857142857142
SKS02,EQM_4,2,pooled_robust_3,3,120,0.19020872650360487,0.19334523283839486,0.10261354383116883,0.0,0.0
SKS02,EQM_4,2,pooled_robust_4,4,120,0.05777913014565801,0.06038932521442056,0.03608158441558441,0.0,0.0
SKS02,EQM_4,2,pooled_robust_5,5,120,0.026133793592872392,0.027953950906893652,0.013420262987012987,0.0,0.0
SKS02,EQM_4,2,static_transfer_2,2,120,0.14362300440620432,0.14675366383215896,0.10408534415584417,0.0,0.0
SKS02,EQM_4,2,static_transfer_3,3,120,0.05913660953176223,0.0668400678049905,0.03859253246753246,0.0,0.0
SKS02,EQM_4,2,static_transfer_4,4,120,0.03647433433778961,0.040453324854330786,0.020824789772727274,0.0,0.0
SKS02,EQM_4,2,static_transfer_5,5,120,0.028164028456592292,0.03168004426955147,0.012109961850649338,0.0,0.0
SKS02,EQM_4,2,trained_SKS02_applied_all_2,2,120,0.18798840834779906,0.19464910913057387,0.10380575243506493,0.46856207071132266,0.7142857142857142
SKS02,EQM_4,2,trained_SKS02_applied_all_3,3,120,0.19020872650360487,0.19334523283839486,0.10261354383116883,0.0,0.0
SKS02,EQM_4,2,trained_SKS02_applied_all_4,4,120,0.05777913014565801,0.06038932521442056,0.03608158441558441,0.0,0.0
SKS02,EQM_4,2,trained_SKS02_applied_all_5,5,120,0.026133793592872392,0.027953950906893652,0.013420262987012987,0.0,0.0
SKS02,EQM_4,2,trained_SKS03_applied_all_2,2,120,0.14142926918411336,0.143346093027363,0.10261354383116883,0.29889639226421894,0.1428571428571429
SKS02,EQM_4,2,trained_SKS03_applied_all_3,3,120,0.19617569750802527,0.19638154460664958,0.10545223944805195,0.46814618952929477,0.7142857142857142
SKS02,EQM_4,2,trained_SKS03_applied_all_4,4,120,0.03822762974957767,0.03868851866710732,0.023585875811688306,0.0,0.0
SKS02,EQM_4,2,trained_SKS03_applied_all_5,5,120,0.028164028456592292,0.03168004426955147,0.012109961850649338,0.0,0.0
SKS02,EQM_4,2,uniform_2,2,120,0.1805531028160237,0.18277961942347348,0.09665531493506493,0.420988454980234,0.2857142857142857
SKS02,EQM_4,2,uniform_3,3,120,0.14621829941881198,0.15016712590466463,0.07631998376623378,0.29889639226421894,0.1428571428571429
SKS02,EQM_4,2,uniform_4,4,120,0.14302589051515532,0.1469647185444604,0.06396634496753248,0.29889639226421894,0.1428571428571429
SKS02,EQM_4,2,uniform_5,5,120,0.028164028456592292,0.03168004426955147,0.012109961850649338,0.0,0.0
SKS02,EQM_5,1,pooled_robust_2,2,120,0.1766726459280447,0.1876184535494609,0.11769462532509753,0.20653673453333837,0.7142857142857142
SKS02,EQM_5,1,pooled_robust_3,3,120,0.14841218041250526,0.16357929318055406,0.08886195058517557,0.0,0.0
SKS02,EQM_5,1,pooled_robust_4,4,120,0.05613621200999143,0.06700739316338818,0.031959314856957105,0.0,0.0
SKS02,EQM_5,1,pooled_robust_5,5,120,0.03571564060893862,0.04360070466546871,0.01866109639141742,0.0,0.0
SKS02,EQM_5,1,static_transfer_2,2,120,0.2806599115828384,0.2980405353882797,0.2176992238296489,0.0,0.0
SKS02,EQM_5,1,static_transfer_3,3,120,0.2806860762676683,0.2991728129303861,0.21101588832899867,0.0,0.0
SKS02,EQM_5,1,static_transfer_4,4,120,0.26250146287351694,0.2835001313324066,0.1845074093790637,0.0,0.0
SKS02,EQM_5,1,static_transfer_5,5,120,0.16715087814027996,0.17886580322228401,0.07963323837776333,0.0,0.0
SKS02,EQM_5,1,trained_SKS02_applied_all_2,2,120,0.1766726459280447,0.1876184535494609,0.11769462532509753,0.20653673453333837,0.7142857142857142
SKS02,EQM_5,1,trained_SKS02_applied_all_3,3,120,0.14841218041250526,0.16357929318055406,0.08886195058517557,0.0,0.0
SKS02,EQM_5,1,trained_SKS02_applied_all_4,4,120,0.05613621200999143,0.06700739316338818,0.031959314856957105,0.0,0.0
SKS02,EQM_5,1,trained_SKS02_applied_all_5,5,120,0.03571564060893862,0.04360070466546871,0.01866109639141742,0.0,0.0
SKS02,EQM_5,1,trained_SKS03_applied_all_2,2,120,0.26630897639821866,0.27332869484217137,0.17090419294538362,0.20653673453333837,0.7142857142857142
SKS02,EQM_5,1,trained_SKS03_applied_all_3,3,120,0.17332611196724557,0.18263448842367422,0.10926447090377116,0.20653673453333837,0.7142857142857142
SKS02,EQM_5,1,trained_SKS03_applied_all_4,4,120,0.16895806598562166,0.1809017307276514,0.08726595334850454,0.0,0.0
SKS02,EQM_5,1,trained_SKS03_applied_all_5,5,120,0.16715087814027996,0.17886580322228401,0.07963323837776333,0.0,0.0
SKS02,EQM_5,1,uniform_2,2,120,0.2785393065874028,0.29825810168046546,0.2329026911302557,0.41151001785222946,0.2857142857142857
SKS02,EQM_5,1,uniform_3,3,120,0.22451268356513066,0.23689674531504362,0.1485329662440399,0.25294520572549295,0.5714285714285714
SKS02,EQM_5,1,uniform_4,4,120,0.22378581507551454,0.23581486643006613,0.1404145997236671,0.25294520572549295,0.5714285714285714
SKS02,EQM_5,1,uniform_5,5,120,0.16715087814027996,0.17886580322228401,0.07963323837776333,0.0,0.0
SKS02,EQM_5,2,pooled_robust_2,2,120,0.18509666279078332,0.18667364549003343,0.12240732792207794,0.4988727939028945,0.7142857142857142
SKS02,EQM_5,2,pooled_robust_3,3,120,0.13678071030445876,0.17878771041408625,0.08181095698051949,0.0,0.0
SKS02,EQM_5,2,pooled_robust_4,4,120,0.03320225270434356,0.03398739769631142,0.02420998863636363,0.0,0.0
SKS02,EQM_5,2,pooled_robust_5,5,120,0.019730684228161956,0.021027411740992766,0.009223616883116882,0.0,0.0
SKS02,EQM_5,2,static_transfer_2,2,120,0.16804076572779028,0.17343295265819758,0.14704108279220782,0.0,0.0
SKS02,EQM_5,2,static_transfer_3,3,120,0.09800793032468028,0.10800760366105133,0.0685586293290043,0.0,0.0
SKS02,EQM_5,2,static_transfer_4,4,120,0.05829219926389129,0.0814280963748828,0.03516602732683981,0.0,0.0
SKS02,EQM_5,2,static_transfer_5,5,120,0.05842137014462875,0.07900198752603083,0.03194139772727272,0.0,0.0
SKS02,EQM_5,2,trained_SKS02_applied_all_2,2,120,0.18509666279078332,0.18667364549003343,0.12240732792207794,0.4988727939028945,0.7142857142857142
SKS02,EQM_5,2,trained_SKS02_applied_all_3,3,120,0.13678071030445876,0.17878771041408625,0.08181095698051949,0.0,0.0
SKS02,EQM_5,2,trained_SKS02_applied_all_4,4,120,0.03320225270434356,0.03398739769631142,0.02420998863636363,0.0,0.0
SKS02,EQM_5,2,trained_SKS02_applied_all_5,5,120,0.019730684228161956,0.021027411740992766,0.009223616883116882,0.0,0.0
SKS02,EQM_5,2,trained_SKS03_applied_all_2,2,120,0.14419095144708724,0.14791864839643065,0.08737152353896104,0.4049042989260117,0.7142857142857142
SKS02,EQM_5,2,trained_SKS03_applied_all_3,3,120,0.14567012747933164,0.1687757212674581,0.07802075730519481,0.4036382764292414,0.7142857142857142
SKS02,EQM_5,2,trained_SKS03_applied_all_4,4,120,0.058733485254834614,0.08079107497045726,0.03324098701298699,0.0,0.0
SKS02,EQM_5,2,trained_SKS03_applied_all_5,5,120,0.05842137014462875,0.07900198752603083,0.03194139772727272,0.0,0.0
SKS02,EQM_5,2,uniform_2,2,120,0.14650327767259447,0.16013591634918797,0.08172909253246752,0.40808120159441774,0.2857142857142857
SKS02,EQM_5,2,uniform_3,3,120,0.1379208684890491,0.1601343158025694,0.07290552110389609,0.4098040944360051,0.5714285714285714
SKS02,EQM_5,2,uniform_4,4,120,0.137588725379701,0.15838942353295735,0.07081522402597401,0.40325903394404816,0.2857142857142857
SKS02,EQM_5,2,uniform_5,5,120,0.05842137014462875,0.07900198752603083,0.03194139772727272,0.0,0.0
SKS02,EQM_6,1,pooled_robust_2,2,120,0.18738372074962362,0.19544441045007296,0.14546262638166452,0.32621540270107063,0.7142857142857142
SKS02,EQM_6,1,pooled_robust_3,3,120,0.1573785819083632,0.1742083662689105,0.11629061524707415,0.0,0.0
SKS02,EQM_6,1,pooled_robust_4,4,120,0.07589594006040329,0.09206393009676012,0.04996153649219765,0.0,0.0
SKS02,EQM_6,1,pooled_robust_5,5,120,0.04174782422464156,0.050122906832349254,0.025202857336367568,0.0,0.0
SKS02,EQM_6,1,static_transfer_2,2,120,0.2389230274095514,0.2597658891467776,0.20763390929778933,0.0,0.0
SKS02,EQM_6,1,static_transfer_3,3,120,0.2310133268756113,0.25518518330865825,0.1873766970091027,0.0,0.0
SKS02,EQM_6,1,static_transfer_4,4,120,0.21886996604431327,0.2458337646543513,0.17034643246098827,0.0,0.0
SKS02,EQM_6,1,static_transfer_5,5,120,0.17195421429762014,0.1921893314165736,0.09425370286085823,0.0,0.0
SKS02,EQM_6,1,trained_SKS02_applied_all_2,2,120,0.18738372074962362,0.19544441045007296,0.14546262638166452,0.32621540270107063,0.7142857142857142
SKS02,EQM_6,1,trained_SKS02_applied_all_3,3,120,0.1573785819083632,0.1742083662689105,0.11629061524707415,0.0,0.0
SKS02,EQM_6,1,trained_SKS02_applied_all_4,4,120,0.07589594006040329,0.09206393009676012,0.04996153649219765,0.0,0.0
SKS02,EQM_6,1,trained_SKS02_applied_all_5,5,120,0.04174782422464156,0.050122906832349254,0.025202857336367568,0.0,0.0
SKS02,EQM_6,1,trained_SKS03_applied_all_2,2,120,0.26961578529489627,0.2858821196035204,0.20618428600455135,0.32621540270107063,0.7142857142857142
SKS02,EQM_6,1,trained_SKS03_applied_all_3,3,120,0.17407696642872938,0.18559278335281443,0.13194033688231468,0.32621540270107063,0.7142857142857142
SKS02,EQM_6,1,trained_SKS03_applied_all_4,4,120,0.17377432630243794,0.19507638372781555,0.10376976145968789,0.0,0.0
SKS02,EQM_6,1,trained_SKS03_applied_all_5,5,120,0.17195421429762014,0.1921893314165736,0.09425370286085823,0.0,0.0
SKS02,EQM_6,1,uniform_2,2,120,0.21706864429740264,0.23874572693926208,0.20111466542045947,0.397588677714334,0.2857142857142857
SKS02,EQM_6,1,uniform_3,3,120,0.20636967614075424,0.223833157322988,0.15123115152254007,0.3178933599178133,0.5714285714285714
SKS02,EQM_6,1,uniform_4,4,120,0.20423925669098847,0.2190190152469378,0.13748678722366708,0.3178933599178133,0.5714285714285714
SKS02,EQM_6,1,uniform_5,5,120,0.17195421429762014,0.1921893314165736,0.09425370286085823,0.0,0.0
SKS02,EQM_6,2,pooled_robust_2,2,120,0.18559835831614624,0.19441897871764163,0.11925522483766236,0.509168607052813,0.7142857142857142
SKS02,EQM_6,2,pooled_robust_3,3,120,0.14645803779853647,0.20043933688090487,0.08316317370129869,0.0,0.0
SKS02,EQM_6,2,pooled_robust_4,4,120,0.03271483276326334,0.03453524160952951,0.02330629545454547,0.0,0.0
SKS02,EQM_6,2,pooled_robust_5,5,120,0.018387772564334666,0.023990049744074822,0.010513498376623388,0.0,0.0
SKS02,EQM_6,2,static_transfer_2,2,120,0.15370296860366486,0.1625172324739561,0.12989964529220782,0.0,0.0
SKS02,EQM_6,2,static_transfer_3,3,120,0.08668437753456819,0.10297377244047104,0.056203917207792206,0.0,0.0
SKS02,EQM_6,2,static_transfer_4,4,120,0.05502785980329285,0.07440393227874904,0.03153477245670994,0.0,0.0
SKS02,EQM_6,2,static_transfer_5,5,120,0.05294730186927796,0.06199356420563349,0.026660033279220764,0.0,0.0
SKS02,EQM_6,2,trained_SKS02_applied_all_2,2,120,0.18559835831614624,0.19441897871764163,0.11925522483766236,0.509168607052813,0.7142857142857142
SKS02,EQM_6,2,trained_SKS02_applied_all_3,3,120,0.14645803779853647,0.20043933688090487,0.08316317370129869,0.0,0.0
SKS02,EQM_6,2,trained_SKS02_applied_all_4,4,120,0.03271483276326334,0.03453524160952951,0.02330629545454547,0.0,0.0
SKS02,EQM_6,2,trained_SKS02_applied_all_5,5,120,0.018387772564334666,0.023990049744074822,0.010513498376623388,0.0,0.0
SKS02,EQM_6,2,trained_SKS03_applied_all_2,2,120,0.13660696046189505,0.1480268640732406,0.08316317370129869,0.3814458609493492,0.7142857142857142
SKS02,EQM_6,2,trained_SKS03_applied_all_3,3,120,0.1549239632585884,0.18981231644078503,0.08277838068181817,0.42368457207933563,0.7142857142857142
SKS02,EQM_6,2,trained_SKS03_applied_all_4,4,120,0.05484654490119181,0.062432465358975585,0.0320117646103896,0.0,0.0
SKS02,EQM_6,2,trained_SKS03_applied_all_5,5,120,0.05294730186927796,0.06199356420563349,0.026660033279220764,0.0,0.0
SKS02,EQM_6,2,uniform_2,2,120,0.15149710295667596,0.18506329178801809,0.08215049837662339,0.43073957682540387,0.2857142857142857
SKS02,EQM_6,2,uniform_3,3,120,0.139101095198211,0.16593350106065985,0.06836698863636365,0.3814458609493492,0.5714285714285714
SKS02,EQM_6,2,uniform_4,4,120,0.1386693632613621,0.16521882308159647,0.06573522240259741,0.3814458609493492,0.5714285714285714
SKS02,EQM_6,2,uniform_5,5,120,0.05294730186927796,0.06199356420563349,0.026660033279220764,0.0,0.0
SKS03,EQM_1,2,pooled_robust_2,2,120,0.06375864554295749,0.06459672706827327,0.07536909902597408,0.1272119934108567,0.28571428571428564
SKS03,EQM_1,2,pooled_robust_3,3,120,0.06878577298224041,0.06892137100259534,0.06873060470779221,0.0,0.0
SKS03,EQM_1,2,pooled_robust_4,4,120,0.027734041183133454,0.028287294026065175,0.02937090909090917,0.0,0.0
SKS03,EQM_1,2,pooled_robust_5,5,120,0.006774534602809195,0.0081333151160839,0.005980436688311705,0.0,0.0
SKS03,EQM_1,2,static_transfer_2,2,120,0.351937529587344,0.3557110917948776,0.45309501704545463,0.04693802131373868,0.1428571428571429
SKS03,EQM_1,2,static_transfer_3,3,120,0.2151171915959988,0.2172009838658073,0.1956336737012987,0.04693802131373868,0.1428571428571429
SKS03,EQM_1,2,static_transfer_4,4,120,0.21494498036543871,0.21711186500437196,0.1932883790584416,0.04693802131373868,0.1428571428571429
SKS03,EQM_1,2,static_transfer_5,5,120,0.024410706721673964,0.024681698228013443,0.016790167207792195,0.04693802131373868,0.1428571428571429
SKS03,EQM_1,2,trained_SKS02_applied_all_2,2,120,0.06375864554295749,0.06459672706827327,0.07536909902597408,0.1272119934108567,0.28571428571428564
SKS03,EQM_1,2,trained_SKS02_applied_all_3,3,120,0.06878577298224041,0.06892137100259534,0.06873060470779221,0.0,0.0
SKS03,EQM_1,2,trained_SKS02_applied_all_4,4,120,0.027734041183133454,0.028287294026065175,0.02937090909090917,0.0,0.0
SKS03,EQM_1,2,trained_SKS02_applied_all_5,5,120,0.006774534602809195,0.0081333151160839,0.005980436688311705,0.0,0.0
SKS03,EQM_1,2,trained_SKS03_applied_all_2,2,120,0.08552193702345656,0.08610900795980712,0.08931546753246758,0.0,0.0
SKS03,EQM_1,2,trained_SKS03_applied_all_3,3,120,0.08451564882048747,0.0850926954105672,0.08662679707792206,0.1272119934108567,0.28571428571428564
SKS03,EQM_1,2,trained_SKS03_applied_all_4,4,120,0.0251887711006385,0.025512859982620942,0.0211406436688312,0.04693802131373868,0.1428571428571429
SKS03,EQM_1,2,trained_SKS03_applied_all_5,5,120,0.024410706721673964,0.024681698228013443,0.016790167207792195,0.04693802131373868,0.1428571428571429
SKS03,EQM_1,2,uniform_2,2,120,0.2719689171237021,0.27496795814663355,0.32095824107142856,0.09262307349849046,0.1428571428571428
SKS03,EQM_1,2,uniform_3,3,120,0.14826819602338143,0.15075591075457045,0.12068305194805196,0.0,0.0
SKS03,EQM_1,2,uniform_4,4,120,0.14720186885378922,0.14986800207418396,0.10662847727272726,0.0,0.0
SKS03,EQM_1,2,uniform_5,5,120,0.024410706721673964,0.024681698228013443,0.016790167207792195,0.04693802131373868,0.1428571428571429
SKS03,EQM_1,3,pooled_robust_2,2,120,0.1954643186023261,0.19593940666880416,0.41603488474025985,0.0,0.0
SKS03,EQM_1,3,pooled_robust_3,3,120,0.1281824045553961,0.12898848271868477,0.27446178409090904,0.19403183757498757,0.2857142857142857
SKS03,EQM_1,3,pooled_robust_4,4,120,0.10760582941732336,0.10792531123471232,0.19482725405844153,0.19403183757498757,0.2857142857142857
SKS03,EQM_1,3,pooled_robust_5,5,120,0.03817023889025355,0.039264405964235166,0.044542537337662336,0.07162554514968184,0.14285714285714285
SKS03,EQM_1,3,static_transfer_2,2,120,0.29278745897721026,0.29850698064793313,0.6766322086038961,0.2236885860333585,0.42857142857142855
SKS03,EQM_1,3,static_transfer_3,3,120,0.11445655097741834,0.11906482372652874,0.2053702316017316,0.0,0.0
SKS03,EQM_1,3,static_transfer_4,4,120,0.11501316077596585,0.11913611057308975,0.20339708522727268,0.0,0.0
SKS03,EQM_1,3,static_transfer_5,5,120,0.0486241326179987,0.04884558225665858,0.07247953165584414,0.0,0.0
SKS03,EQM_1,3,trained_SKS02_applied_all_2,2,120,0.1954643186023261,0.19593940666880416,0.41603488474025985,0.0,0.0
SKS03,EQM_1,3,trained_SKS02_applied_all_3,3,120,0.1281824045553961,0.12898848271868477,0.27446178409090904,0.19403183757498757,0.2857142857142857
SKS03,EQM_1,3,trained_SKS02_applied_all_4,4,120,0.10760582941732336,0.10792531123471232,0.19482725405844153,0.19403183757498757,0.2857142857142857
SKS03,EQM_1,3,trained_SKS02_applied_all_5,5,120,0.03817023889025355,0.039264405964235166,0.044542537337662336,0.07162554514968184,0.14285714285714285
SKS03,EQM_1,3,trained_SKS03_applied_all_2,2,120,0.12097936571843654,0.12172772464261802,0.27446178409090904,0.19403183757498757,0.2857142857142857
SKS03,EQM_1,3,trained_SKS03_applied_all_3,3,120,0.045407693723876055,0.04605642889225397,0.09901085714285718,0.0,0.0
SKS03,EQM_1,3,trained_SKS03_applied_all_4,4,120,0.059011618487505635,0.05969021644188128,0.0959798814935065,0.07162554514968184,0.14285714285714285
SKS03,EQM_1,3,trained_SKS03_applied_all_5,5,120,0.0486241326179987,0.04884558225665858,0.07247953165584414,0.0,0.0
SKS03,EQM_1,3,uniform_2,2,120,0.17881526074923704,0.18553019459871686,0.4039017527056277,0.07162554514968184,0.14285714285714285
SKS03,EQM_1,3,uniform_3,3,120,0.13038105994563476,0.13172368541849283,0.28992637175324676,0.14945816616194493,0.14285714285714285
SKS03,EQM_1,3,uniform_4,4,120,0.10249445115438183,0.10555701443093264,0.189797198051948,0.07162554514968184,0.14285714285714285
SKS03,EQM_1,3,uniform_5,5,120,0.0486241326179987,0.04884558225665858,0.07247953165584414,0.0,0.0
SKS03,EQM_2,2,pooled_robust_2,2,120,0.06723894276473089,0.06792064629813176,0.07268762500000008,0.10559353071666101,0.28571428571428564
SKS03,EQM_2,2,pooled_robust_3,3,120,0.07066559638124877,0.07125853858725023,0.0647044707792208,0.0,0.0
SKS03,EQM_2,2,pooled_robust_4,4,120,0.022545877961464473,0.025635559262130705,0.023747190746753216,0.0,0.0
SKS03,EQM_2,2,pooled_robust_5,5,120,0.010052580909504241,0.011977774396953035,0.008636909090909112,0.0,0.0
SKS03,EQM_2,2,static_transfer_2,2,120,0.3742632068722968,0.37858913552180967,0.4733044358766234,0.06410810477003845,0.1428571428571429
SKS03,EQM_2,2,static_transfer_3,3,120,0.22339130510741306,0.22718112181383687,0.2014368652597403,0.06410810477003845,0.1428571428571429
SKS03,EQM_2,2,static_transfer_4,4,120,0.22277272851391872,0.22671477910546986,0.19387434496753247,0.06410810477003845,0.1428571428571429
SKS03,EQM_2,2,static_transfer_5,5,120,0.023103081469432508,0.02368160866267903,0.016750325487012996,0.06410810477003845,0.1428571428571429
SKS03,EQM_2,2,trained_SKS02_applied_all_2,2,120,0.06723894276473089,0.06792064629813176,0.07268762500000008,0.10559353071666101,0.28571428571428564
SKS03,EQM_2,2,trained_SKS02_applied_all_3,3,120,0.07066559638124877,0.07125853858725023,0.0647044707792208,0.0,0.0
SKS03,EQM_2,2,trained_SKS02_applied_all_4,4,120,0.022545877961464473,0.025635559262130705,0.023747190746753216,0.0,0.0
SKS03,EQM_2,2,trained_SKS02_applied_all_5,5,120,0.010052580909504241,0.011977774396953035,0.008636909090909112,0.0,0.0
SKS03,EQM_2,2,trained_SKS03_applied_all_2,2,120,0.09468431946331812,0.09577187621536075,0.09119627029220781,0.0,0.0
SKS03,EQM_2,2,trained_SKS03_applied_all_3,3,120,0.08638102858419508,0.08809710401962642,0.0893014391233767,0.10559353071666101,0.28571428571428564
SKS03,EQM_2,2,trained_SKS03_applied_all_4,4,120,0.024690755443497248,0.025452042071227678,0.022344616071428583,0.06410810477003845,0.1428571428571429
SKS03,EQM_2,2,trained_SKS03_applied_all_5,5,120,0.023103081469432508,0.02368160866267903,0.016750325487012996,0.06410810477003845,0.1428571428571429
SKS03,EQM_2,2,uniform_2,2,120,0.2801311030268999,0.2850090939514661,0.3181912946428571,0.06950208941243546,0.1428571428571428
SKS03,EQM_2,2,uniform_3,3,120,0.15454884974980798,0.1594366087541478,0.11565257873376625,0.0,0.0
SKS03,EQM_2,2,uniform_4,4,120,0.15417170918142903,0.15919091949100536,0.10810557224025971,0.0,0.0
SKS03,EQM_2,2,uniform_5,5,120,0.023103081469432508,0.02368160866267903,0.016750325487012996,0.06410810477003845,0.1428571428571429
SKS03,EQM_2,3,pooled_robust_2,2,120,0.20125224254558252,0.20257146885045174,0.38095945129870157,0.0,0.0
SKS03,EQM_2,3,pooled_robust_3,3,120,0.12331913970207228,0.12468612677162332,0.22326532792207787,0.09568849590893659,0.2857142857142857
SKS03,EQM_2,3,pooled_robust_4,4,120,0.0794118236345416,0.08037302773151649,0.12759483360389615,0.09568849590893659,0.2857142857142857
SKS03,EQM_2,3,pooled_robust_5,5,120,0.05003771544371957,0.05046010460705043,0.06455630519480518,0.09529993775062612,0.2857142857142857
SKS03,EQM_2,3,static_transfer_2,2,120,0.25866732678801757,0.2595209717497456,0.5163554274891775,0.1683326246768795,0.42857142857142855
SKS03,EQM_2,3,static_transfer_3,3,120,0.14147552855565415,0.14310277535524793,0.26174515422077915,0.0,0.0
SKS03,EQM_2,3,static_transfer_4,4,120,0.1300112915181473,0.13111358250109614,0.20894153003246752,0.0,0.0
SKS03,EQM_2,3,static_transfer_5,5,120,0.046744925487334374,0.047170636186482484,0.05388413636363637,0.0,0.0
SKS03,EQM_2,3,trained_SKS02_applied_all_2,2,120,0.20125224254558252,0.20257146885045174,0.38095945129870157,0.0,0.0
SKS03,EQM_2,3,trained_SKS02_applied_all_3,3,120,0.12331913970207228,0.12468612677162332,0.22326532792207787,0.09568849590893659,0.2857142857142857
SKS03,EQM_2,3,trained_SKS02_applied_all_4,4,120,0.0794118236345416,0.08037302773151649,0.12759483360389615,0.09568849590893659,0.2857142857142857
SKS03,EQM_2,3,trained_SKS02_applied_all_5,5,120,0.05003771544371957,0.05046010460705043,0.06455630519480518,0.09529993775062612,0.2857142857142857
SKS03,EQM_2,3,trained_SKS03_applied_all_2,2,120,0.10380279447038998,0.10503625531451725,0.22326532792207787,0.09568849590893659,0.2857142857142857
SKS03,EQM_2,3,trained_SKS03_applied_all_3,3,120,0.06453528095855106,0.06526854919523027,0.10664268425324681,0.0,0.0
SKS03,EQM_2,3,trained_SKS03_applied_all_4,4,120,0.06813378635836016,0.06840035621468706,0.11139076379870141,0.09529993775062612,0.2857142857142857
SKS03,EQM_2,3,trained_SKS03_applied_all_5,5,120,0.046744925487334374,0.047170636186482484,0.05388413636363637,0.0,0.0
SKS03,EQM_2,3,uniform_2,2,120,0.21452705314894494,0.21667016054135738,0.4323366068722944,0.1577668067116885,0.14285714285714285
SKS03,EQM_2,3,uniform_3,3,120,0.12396089537499136,0.12444882578213383,0.23093806574675324,0.067742363297265,0.14285714285714285
SKS03,EQM_2,3,uniform_4,4,120,0.11780724297873395,0.11924279877839983,0.19778027272727272,0.06743367907949617,0.14285714285714285
SKS03,EQM_2,3,uniform_5,5,120,0.046744925487334374,0.047170636186482484,0.05388413636363637,0.0,0.0
SKS03,EQM_3,2,pooled_robust_2,2,120,0.06133198984179546,0.061943823688613314,0.06412965665584418,0.08705334878508637,0.28571428571428564
SKS03,EQM_3,2,pooled_robust_3,3,120,0.05897769267458139,0.059937660352604095,0.053934038961039016,0.0,0.0
SKS03,EQM_3,2,pooled_robust_4,4,120,0.02098934714761027,0.023426392634084213,0.020807529220779247,0.0,0.0
SKS03,EQM_3,2,pooled_robust_5,5,120,0.015382861329350484,0.016077905079063627,0.012628297077922096,0.0,0.0
SKS03,EQM_3,2,static_transfer_2,2,120,0.39008656602239566,0.39663149784498164,0.4873206793831169,0.07207150803094702,0.1428571428571429
SKS03,EQM_3,2,static_transfer_3,3,120,0.22994552396851325,0.23482152372704948,0.20442656331168835,0.07177926802619021,0.1428571428571429
SKS03,EQM_3,2,static_transfer_4,4,120,0.22899958431347456,0.234149829093947,0.19346684415584414,0.051154189049438324,0.1428571428571428
SKS03,EQM_3,2,static_transfer_5,5,120,0.022129207396476377,0.02353665576618274,0.017611934253246725,0.051154189049438324,0.1428571428571428
SKS03,EQM_3,2,trained_SKS02_applied_all_2,2,120,0.06133198984179546,0.061943823688613314,0.06412965665584418,0.08705334878508637,0.28571428571428564
SKS03,EQM_3,2,trained_SKS02_applied_all_3,3,120,0.05897769267458139,0.059937660352604095,0.053934038961039016,0.0,0.0
SKS03,EQM_3,2,trained_SKS02_applied_all_4,4,120,0.02098934714761027,0.023426392634084213,0.020807529220779247,0.0,0.0
SKS03,EQM_3,2,trained_SKS02_applied_all_5,5,120,0.015382861329350484,0.016077905079063627,0.012628297077922096,0.0,0.0
SKS03,EQM_3,2,trained_SKS03_applied_all_2,2,120,0.0861945482781658,0.08797830161397516,0.08316070048701288,0.0,0.0
SKS03,EQM_3,2,trained_SKS03_applied_all_3,3,120,0.07453600886809417,0.07647611640964605,0.07963436525974026,0.08705334878508637,0.28571428571428564
SKS03,EQM_3,2,trained_SKS03_applied_all_4,4,120,0.025125113264598153,0.025859274414244612,0.024338330357142807,0.051154189049438324,0.1428571428571428
SKS03,EQM_3,2,trained_SKS03_applied_all_5,5,120,0.022129207396476377,0.02353665576618274,0.017611934253246725,0.051154189049438324,0.1428571428571428
SKS03,EQM_3,2,uniform_2,2,120,0.283365106517695,0.2922058550056112,0.30693511931818174,0.055625049647205556,0.1428571428571428
SKS03,EQM_3,2,uniform_3,3,120,0.16107563145678552,0.16547610896267523,0.10772560795454547,0.0,0.0
SKS03,EQM_3,2,uniform_4,4,120,0.16105487225209486,0.1654019138036441,0.10622515503246753,0.0,0.0
SKS03,EQM_3,2,uniform_5,5,120,0.022129207396476377,0.02353665576618274,0.017611934253246725,0.051154189049438324,0.1428571428571428
SKS03,EQM_3,3,pooled_robust_2,2,120,0.183194235949574,0.18941972329069967,0.3138614659090909,0.024809648575167202,0.14285714285714285
SKS03,EQM_3,3,pooled_robust_3,3,120,0.12791597922891174,0.12837055482451265,0.20235386850649348,0.025893772422630353,0.14285714285714285
SKS03,EQM_3,3,pooled_robust_4,4,120,0.06372721222265568,0.06491186805945376,0.10082970292207798,0.025893772422630353,0.14285714285714285
SKS03,EQM_3,3,pooled_robust_5,5,120,0.07818183024062786,0.0801923411605506,0.10012604870129865,0.025893772422630353,0.14285714285714285
SKS03,EQM_3,3,static_transfer_2,2,120,0.21683080868022026,0.22454361374396525,0.40821386607142857,0.09264304248032129,0.5714285714285714
SKS03,EQM_3,3,static_transfer_3,3,120,0.18304194424226353,0.1841014709075909,0.3302208587662338,0.05514826475338265,0.14285714285714285
SKS03,EQM_3,3,static_transfer_4,4,120,0.13669487231454186,0.13837867055971592,0.1954783612012988,0.05514826475338265,0.14285714285714285
SKS03,EQM_3,3,static_transfer_5,5,120,0.031979516533691174,0.03272022867395305,0.038683730519480514,0.024809648575167202,0.14285714285714285
SKS03,EQM_3,3,trained_SKS02_applied_all_2,2,120,0.183194235949574,0.18941972329069967,0.3138614659090909,0.024809648575167202,0.14285714285714285
SKS03,EQM_3,3,trained_SKS02_applied_all_3,3,120,0.12791597922891174,0.12837055482451265,0.20235386850649348,0.025893772422630353,0.14285714285714285
SKS03,EQM_3,3,trained_SKS02_applied_all_4,4,120,0.06372721222265568,0.06491186805945376,0.10082970292207798,0.025893772422630353,0.14285714285714285
SKS03,EQM_3,3,trained_SKS02_applied_all_5,5,120,0.07818183024062786,0.0801923411605506,0.10012604870129865,0.025893772422630353,0.14285714285714285
SKS03,EQM_3,3,trained_SKS03_applied_all_2,2,120,0.10429375981798117,0.10467276808645413,0.20235386850649348,0.025893772422630353,0.14285714285714285
SKS03,EQM_3,3,trained_SKS03_applied_all_3,3,120,0.11012045046136663,0.11117045813272895,0.17295361038961038,0.024809648575167202,0.14285714285714285
SKS03,EQM_3,3,trained_SKS03_applied_all_4,4,120,0.08336965096282689,0.08579638292970608,0.1271766534090909,0.025893772422630353,0.14285714285714285
SKS03,EQM_3,3,trained_SKS03_applied_all_5,5,120,0.031979516533691174,0.03272022867395305,0.038683730519480514,0.024809648575167202,0.14285714285714285
SKS03,EQM_3,3,uniform_2,2,120,0.2625873202147251,0.26617150363755654,0.4959964951298702,0.3431599209208838,0.2857142857142857
SKS03,EQM_3,3,uniform_3,3,120,0.13267577425898747,0.1330200430547859,0.21901384442640698,0.0,0.0
SKS03,EQM_3,3,uniform_4,4,120,0.12856031673816332,0.13015643540777844,0.1954839797077923,0.0,0.0
SKS03,EQM_3,3,uniform_5,5,120,0.031979516533691174,0.03272022867395305,0.038683730519480514,0.024809648575167202,0.14285714285714285
SKS03,EQM_4,2,pooled_robust_2,2,120,0.07672824970804287,0.08002286350911358,0.05343177922077927,0.02988516778468459,0.28571428571428564
SKS03,EQM_4,2,pooled_robust_3,3,120,0.07103056036720667,0.07298601629161154,0.046703818181818194,0.015240247669767079,0.28571428571428564
SKS03,EQM_4,2,pooled_robust_4,4,120,0.008291360963347916,0.011022412730940852,0.0074769772727272255,0.015240247669767079,0.28571428571428564
SKS03,EQM_4,2,pooled_robust_5,5,120,0.007098912704229538,0.00875149971092577,0.0051533268398268745,0.00583974004579523,0.14285714285714285
SKS03,EQM_4,2,static_transfer_2,2,120,0.419316072443951,0.426333226954436,0.47449305275974035,0.030971567367096286,0.42857142857142855
SKS03,EQM_4,2,static_transfer_3,3,120,0.24644919131505916,0.24920793639120956,0.18572117370129876,0.027111196153040484,0.28571428571428564
SKS03,EQM_4,2,static_transfer_4,4,120,0.24637681015921686,0.2492054104647869,0.18261953327922076,0.02684041293983962,0.1428571428571429
SKS03,EQM_4,2,static_transfer_5,5,120,0.007938767574611112,0.012328294888173432,0.00568774675324675,0.02684041293983962,0.1428571428571429
SKS03,EQM_4,2,trained_SKS02_applied_all_2,2,120,0.07672824970804287,0.08002286350911358,0.05343177922077927,0.02988516778468459,0.28571428571428564
SKS03,EQM_4,2,trained_SKS02_applied_all_3,3,120,0.07103056036720667,0.07298601629161154,0.046703818181818194,0.015240247669767079,0.28571428571428564
SKS03,EQM_4,2,trained_SKS02_applied_all_4,4,120,0.008291360963347916,0.011022412730940852,0.0074769772727272255,0.015240247669767079,0.28571428571428564
SKS03,EQM_4,2,trained_SKS02_applied_all_5,5,120,0.007098912704229538,0.00875149971092577,0.0051533268398268745,0.00583974004579523,0.14285714285714285
SKS03,EQM_4,2,trained_SKS03_applied_all_2,2,120,0.07798009928801922,0.0834934700981008,0.05431359009740255,0.015240247669767079,0.28571428571428564
SKS03,EQM_4,2,trained_SKS03_applied_all_3,3,120,0.06848627004286348,0.07563602589221063,0.06576249188311688,0.02988516778468459,0.28571428571428564
SKS03,EQM_4,2,trained_SKS03_applied_all_4,4,120,0.00818477282189314,0.012785943528990375,0.006674176677489194,0.027127669274763597,0.1428571428571429
SKS03,EQM_4,2,trained_SKS03_applied_all_5,5,120,0.007938767574611112,0.012328294888173432,0.00568774675324675,0.02684041293983962,0.1428571428571429
SKS03,EQM_4,2,uniform_2,2,120,0.31497416800180766,0.32011195773189033,0.3134331103896103,0.03174956922088696,0.14285714285714285
SKS03,EQM_4,2,uniform_3,3,120,0.17412872858360387,0.1774086156042709,0.11922653652597401,0.015240247669767079,0.28571428571428564
SKS03,EQM_4,2,uniform_4,4,120,0.17397357342850284,0.17725264352255987,0.11512785064935066,0.006018009686097636,0.14285714285714285
SKS03,EQM_4,2,uniform_5,5,120,0.007938767574611112,0.012328294888173432,0.00568774675324675,0.02684041293983962,0.1428571428571429
SKS03,EQM_4,3,pooled_robust_2,2,120,0.17925887443159938,0.18871903377158272,0.34906703977272735,0.0,0.0
SKS03,EQM_4,3,pooled_robust_3,3,120,0.06719461268979182,0.06973403965557456,0.10880905519480527,0.08087870413370621,0.2857142857142857
SKS03,EQM_4,3,pooled_robust_4,4,120,0.05160137782357671,0.05938422207799754,0.0664732581168831,0.08087870413370621,0.2857142857142857
SKS03,EQM_4,3,pooled_robust_5,5,120,0.05368021602069198,0.06327497656287612,0.0664732581168831,0.08087870413370621,0.2857142857142857
SKS03,EQM_4,3,static_transfer_2,2,120,0.3335149946383076,0.33728423250610406,0.6554075819805195,0.25405815581129065,0.42857142857142855
SKS03,EQM_4,3,static_transfer_3,3,120,0.17062171134258675,0.17266993648395598,0.27432739935064937,0.0,0.0
SKS03,EQM_4,3,static_transfer_4,4,120,0.16435309252961466,0.16667235523726007,0.2171021753246754,0.0,0.0
SKS03,EQM_4,3,static_transfer_5,5,120,0.009464218266801383,0.010927919085553999,0.012141409902597405,0.0,0.0
SKS03,EQM_4,3,trained_SKS02_applied_all_2,2,120,0.17925887443159938,0.18871903377158272,0.34906703977272735,0.0,0.0
SKS03,EQM_4,3,trained_SKS02_applied_all_3,3,120,0.06719461268979182,0.06973403965557456,0.10880905519480527,0.08087870413370621,0.2857142857142857
SKS03,EQM_4,3,trained_SKS02_applied_all_4,4,120,0.05160137782357671,0.05938422207799754,0.0664732581168831,0.08087870413370621,0.2857142857142857
SKS03,EQM_4,3,trained_SKS02_applied_all_5,5,120,0.05368021602069198,0.06327497656287612,0.0664732581168831,0.08087870413370621,0.2857142857142857
SKS03,EQM_4,3,trained_SKS03_applied_all_2,2,120,0.06997990840280204,0.07705275326616509,0.11657479058441556,0.08087870413370621,0.2857142857142857
SKS03,EQM_4,3,trained_SKS03_applied_all_3,3,120,0.04108306150760589,0.05355871213981836,0.06913105600649355,0.0,0.0
SKS03,EQM_4,3,trained_SKS03_applied_all_4,4,120,0.053771352964131755,0.06331838232235219,0.06988115909090914,0.08087870413370621,0.2857142857142857
SKS03,EQM_4,3,trained_SKS03_applied_all_5,5,120,0.009464218266801383,0.010927919085553999,0.012141409902597405,0.0,0.0
SKS03,EQM_4,3,uniform_2,2,120,0.263493142798909,0.2664712675229244,0.468285299512987,0.22074121573088681,0.14285714285714285
SKS03,EQM_4,3,uniform_3,3,120,0.12537944930214928,0.12652155969447867,0.1799416853354979,0.0680336590507027,0.14285714285714285
SKS03,EQM_4,3,uniform_4,4,120,0.1263375081666851,0.1275631150632808,0.17571218425324675,0.0680336590507027,0.14285714285714285
SKS03,EQM_4,3,uniform_5,5,120,0.009464218266801383,0.010927919085553999,0.012141409902597405,0.0,0.0
SKS03,EQM_5,2,pooled_robust_2,2,120,0.08041636439649066,0.10615705338362943,0.06985482548701298,0.012906075390472348,0.42857142857142855
SKS03,EQM_5,2,pooled_robust_3,3,120,0.05406090696245839,0.058087684600332624,0.039752655032467485,0.015832140116081625,0.42857142857142855
SKS03,EQM_5,2,pooled_robust_4,4,120,0.011122243215104067,0.024349373846212753,0.010684580357142828,0.015832140116081625,0.42857142857142855
SKS03,EQM_5,2,pooled_robust_5,5,120,0.003599746899587951,0.017851471001430096,0.0028369788961038894,0.0007424124752878303,0.14285714285714285
SKS03,EQM_5,2,static_transfer_2,2,120,0.44162824206763535,0.4495992187859919,0.507039034090909,0.13435492476477734,0.7142857142857142
SKS03,EQM_5,2,static_transfer_3,3,120,0.25884768967142463,0.2627292920475001,0.20200901623376633,0.024859238346596615,0.2857142857142857
SKS03,EQM_5,2,static_transfer_4,4,120,0.25881270667708467,0.2625351514796885,0.19749521590909092,0.024796613785137214,0.2857142857142857
SKS03,EQM_5,2,static_transfer_5,5,120,0.004105473858560349,0.011057783021697198,0.002804052759740258,0.0,0.0
SKS03,EQM_5,2,trained_SKS02_applied_all_2,2,120,0.08041636439649066,0.10615705338362943,0.06985482548701298,0.012906075390472348,0.42857142857142855
SKS03,EQM_5,2,trained_SKS02_applied_all_3,3,120,0.05406090696245839,0.058087684600332624,0.039752655032467485,0.015832140116081625,0.42857142857142855
SKS03,EQM_5,2,trained_SKS02_applied_all_4,4,120,0.011122243215104067,0.024349373846212753,0.010684580357142828,0.015832140116081625,0.42857142857142855
SKS03,EQM_5,2,trained_SKS02_applied_all_5,5,120,0.003599746899587951,0.017851471001430096,0.0028369788961038894,0.0007424124752878303,0.14285714285714285
SKS03,EQM_5,2,trained_SKS03_applied_all_2,2,120,0.06048204020595422,0.06833125730566611,0.04762917613636361,0.015832140116081625,0.42857142857142855
SKS03,EQM_5,2,trained_SKS03_applied_all_3,3,120,0.04202201000639067,0.05579826267384277,0.03934972159090906,0.012906075390472348,0.42857142857142855
SKS03,EQM_5,2,trained_SKS03_applied_all_4,4,120,0.00590794320209818,0.020624253429675565,0.005415295454545471,0.010190265414772838,0.1428571428571429
SKS03,EQM_5,2,trained_SKS03_applied_all_5,5,120,0.004105473858560349,0.011057783021697198,0.002804052759740258,0.0,0.0
SKS03,EQM_5,2,uniform_2,2,120,0.3277518862229459,0.342626722436923,0.3195558433441559,0.0876423854964479,0.42857142857142855
SKS03,EQM_5,2,uniform_3,3,120,0.17567526952654183,0.17631758327804065,0.11745822564935067,0.01684921185706026,0.2857142857142857
SKS03,EQM_5,2,uniform_4,4,120,0.17548235990810157,0.17620145348666785,0.11250799350649351,0.007451033010704487,0.14285714285714285
SKS03,EQM_5,2,uniform_5,5,120,0.004105473858560349,0.011057783021697198,0.002804052759740258,0.0,0.0
SKS03,EQM_5,3,pooled_robust_2,2,120,0.30794784544499704,0.3166462642974157,0.7883879845779223,0.0,0.0
SKS03,EQM_5,3,pooled_robust_3,3,120,0.1475975479548797,0.149891837475273,0.2998838636363637,0.22118100206572452,0.2857142857142857
SKS03,EQM_5,3,pooled_robust_4,4,120,0.14707345606507688,0.1486586213132306,0.2836320178571429,0.22118100206572452,0.2857142857142857
SKS03,EQM_5,3,pooled_robust_5,5,120,0.052005791771834134,0.05276748657325414,0.08969454166666668,0.1078415231247534,0.2857142857142857
SKS03,EQM_5,3,static_transfer_2,2,120,0.4066847500291889,0.4152526500468011,1.119453844155844,0.5351381286430854,0.42857142857142855
SKS03,EQM_5,3,static_transfer_3,3,120,0.12979044207347834,0.14880733061395093,0.2549609074675325,0.0,0.0
SKS03,EQM_5,3,static_transfer_4,4,120,0.13047264566252317,0.14821463423431727,0.2370315081168832,0.0,0.0
SKS03,EQM_5,3,static_transfer_5,5,120,0.059938705111506896,0.060493896725821415,0.11014228977272733,0.0,0.0
SKS03,EQM_5,3,trained_SKS02_applied_all_2,2,120,0.30794784544499704,0.3166462642974157,0.7883879845779223,0.0,0.0
SKS03,EQM_5,3,trained_SKS02_applied_all_3,3,120,0.1475975479548797,0.149891837475273,0.2998838636363637,0.22118100206572452,0.2857142857142857
SKS03,EQM_5,3,trained_SKS02_applied_all_4,4,120,0.14707345606507688,0.1486586213132306,0.2836320178571429,0.22118100206572452,0.2857142857142857
SKS03,EQM_5,3,trained_SKS02_applied_all_5,5,120,0.052005791771834134,0.05276748657325414,0.08969454166666668,0.1078415231247534,0.2857142857142857
SKS03,EQM_5,3,trained_SKS03_applied_all_2,2,120,0.1583159946490713,0.15956153886160743,0.3894864902597403,0.22118100206572452,0.2857142857142857
SKS03,EQM_5,3,trained_SKS03_applied_all_3,3,120,0.07572681470629966,0.08323053277149975,0.18986246834415585,0.0,0.0
SKS03,EQM_5,3,trained_SKS03_applied_all_4,4,120,0.06560343145610059,0.06621647837111143,0.1412445124458875,0.1078415231247534,0.2857142857142857
SKS03,EQM_5,3,trained_SKS03_applied_all_5,5,120,0.059938705111506896,0.060493896725821415,0.11014228977272733,0.0,0.0
SKS03,EQM_5,3,uniform_2,2,120,0.21604387901250027,0.23692080953945827,0.5747982711038963,0.14137861591080175,0.14285714285714285
SKS03,EQM_5,3,uniform_3,3,120,0.17960466145049803,0.18288963918340154,0.41932253977272727,0.2342728807282445,0.14285714285714285
SKS03,EQM_5,3,uniform_4,4,120,0.1282039606360228,0.13404607751251,0.23969006899350645,0.10413592390672226,0.14285714285714285
SKS03,EQM_5,3,uniform_5,5,120,0.059938705111506896,0.060493896725821415,0.11014228977272733,0.0,0.0
